ID,DEPOSIT_AMOUNT,PAYMENT_METHOD_ID,DEPOSIT_DESCRIPTION,STATUS,DEPOSIT_TIMESTAMP,SOFT_DELETION
1,706779507,1,platea dictumst maecenas ut massa quis augue luctus tincidunt nulla mollis molestie lorem quisque ut,EN PROCESO,2019-05-14 09:34:16,DELETED
2,90780655,2,arcu sed augue aliquam erat volutpat in congue etiam justo,EN PROCESO,2019-05-19 20:03:15,DELETED
3,991777870,3,venenatis non sodales sed tincidunt eu felis fusce posuere felis sed lacus morbi sem mauris,EN PROCESO,2018-12-21 23:40:04,ENABLED
4,648178617,4,nunc viverra dapibus nulla suscipit ligula in lacus curabitur at ipsum,RECHAZADA,2018-11-09 08:55:34,ENABLED
5,553913512,5,felis fusce posuere felis sed lacus morbi sem mauris laoreet ut rhoncus,RECHAZADA,2018-12-24 11:14:51,DELETED
6,409263870,6,montes nascetur ridiculus mus vivamus vestibulum sagittis sapien cum sociis natoque penatibus et magnis dis,EN PROCESO,2018-12-02 23:35:45,DELETED
7,665678387,7,metus vitae ipsum aliquam non mauris morbi non lectus aliquam,EXITOSO,2019-04-20 10:56:02,DELETED
8,998013132,1,erat vestibulum sed magna at nunc commodo placerat praesent blandit nam,PENDIENTE,2019-08-16 10:04:23,DELETED
9,918157145,2,dictumst etiam faucibus cursus urna ut tellus nulla ut erat id mauris,PENDIENTE,2019-03-14 13:14:49,ENABLED
10,807999737,3,magna vestibulum aliquet ultrices erat tortor sollicitudin mi sit amet lobortis sapien sapien,RECHAZADA,2019-04-28 03:16:36,ENABLED
11,66004260,4,donec semper sapien a libero nam dui proin leo odio porttitor id consequat,EN PROCESO,2019-04-27 18:22:43,ENABLED
12,235256089,5,ligula nec sem duis aliquam convallis nunc proin at turpis a,EXITOSO,2018-10-31 00:17:42,DELETED
13,481562070,6,nec sem duis aliquam convallis nunc proin at turpis a pede posuere nonummy,EN PROCESO,2018-12-02 01:27:47,ENABLED
14,88502954,7,donec semper sapien a libero nam dui proin leo odio porttitor id consequat in,EN PROCESO,2019-02-19 05:30:17,ENABLED
15,776989165,1,integer ac leo pellentesque ultrices mattis odio donec vitae nisi nam ultrices,PENDIENTE,2019-05-31 11:38:40,DELETED
16,86173193,2,a ipsum integer a nibh in quis justo maecenas rhoncus aliquam,RECHAZADA,2019-10-01 15:37:44,DELETED
17,684336118,3,ante vestibulum ante ipsum primis in faucibus orci luctus et ultrices posuere cubilia,EN PROCESO,2018-12-15 11:20:25,ENABLED
18,350690045,4,arcu libero rutrum ac lobortis vel dapibus at diam nam tristique tortor,EN PROCESO,2019-02-20 06:09:30,DELETED
19,72248491,5,nec dui luctus rutrum nulla tellus in sagittis dui vel nisl duis ac,EXITOSO,2018-11-11 06:26:49,ENABLED
20,714510766,6,venenatis lacinia aenean sit amet justo morbi ut odio cras,EN PROCESO,2019-03-27 04:44:22,DELETED
21,343919984,7,in tempor turpis nec euismod scelerisque quam turpis adipiscing lorem vitae,EN PROCESO,2019-10-03 04:44:23,DELETED
22,170842409,1,volutpat eleifend donec ut dolor morbi vel lectus in quam,EN PROCESO,2019-08-21 03:46:00,DELETED
23,118493182,2,mauris lacinia sapien quis libero nullam sit amet turpis elementum ligula,EN PROCESO,2019-03-28 08:49:09,DELETED
24,291791555,3,eu orci mauris lacinia sapien quis libero nullam sit amet turpis elementum ligula vehicula consequat,RECHAZADA,2019-10-07 10:54:50,ENABLED
25,619209544,4,elit proin interdum mauris non ligula pellentesque ultrices phasellus id sapien,EXITOSO,2019-03-10 14:37:36,ENABLED
26,995524429,5,lacus at turpis donec posuere metus vitae ipsum aliquam non mauris morbi,PENDIENTE,2019-08-04 10:58:23,ENABLED
27,848878060,6,at ipsum ac tellus semper interdum mauris ullamcorper purus sit amet nulla quisque arcu,RECHAZADA,2018-10-25 00:21:09,ENABLED
28,583265507,7,vestibulum rutrum rutrum neque aenean auctor gravida sem praesent id massa,EN PROCESO,2019-04-07 09:42:51,ENABLED
29,842622530,1,aliquet maecenas leo odio condimentum id luctus nec molestie sed justo pellentesque viverra pede,PENDIENTE,2019-05-09 19:40:35,ENABLED
30,806600244,2,nec dui luctus rutrum nulla tellus in sagittis dui vel nisl duis ac nibh,EN PROCESO,2019-07-21 15:21:52,DELETED
31,846559199,3,in blandit ultrices enim lorem ipsum dolor sit amet consectetuer adipiscing elit proin,EXITOSO,2019-02-16 20:56:20,DELETED
32,282168112,4,primis in faucibus orci luctus et ultrices posuere cubilia curae donec pharetra magna,EN PROCESO,2019-06-01 06:24:56,DELETED
33,255020551,5,ipsum ac tellus semper interdum mauris ullamcorper purus sit amet nulla,EN PROCESO,2019-05-27 15:21:50,DELETED
34,336547086,6,amet eros suspendisse accumsan tortor quis turpis sed ante vivamus tortor duis mattis,EN PROCESO,2018-12-03 05:22:12,ENABLED
35,512769898,7,ac consequat metus sapien ut nunc vestibulum ante ipsum primis,EXITOSO,2019-02-13 23:17:56,DELETED
36,951733783,1,auctor sed tristique in tempus sit amet sem fusce consequat nulla nisl nunc nisl duis,PENDIENTE,2019-02-07 20:31:55,ENABLED
37,534848165,2,in sagittis dui vel nisl duis ac nibh fusce lacus purus aliquet,EN PROCESO,2019-02-13 14:29:50,DELETED
38,421000386,3,mattis nibh ligula nec sem duis aliquam convallis nunc proin at turpis a pede,EN PROCESO,2019-08-18 19:41:00,ENABLED
39,663023084,4,amet nulla quisque arcu libero rutrum ac lobortis vel dapibus at diam nam tristique,EN PROCESO,2018-11-18 02:35:45,ENABLED
40,604258242,5,adipiscing elit proin risus praesent lectus vestibulum quam sapien varius ut blandit non,RECHAZADA,2019-07-29 03:31:37,DELETED
41,252067279,6,interdum in ante vestibulum ante ipsum primis in faucibus orci luctus et ultrices posuere cubilia,PENDIENTE,2019-05-05 00:51:50,DELETED
42,657753161,7,mus vivamus vestibulum sagittis sapien cum sociis natoque penatibus et magnis dis parturient,EXITOSO,2019-03-24 19:39:50,DELETED
43,297802507,1,dapibus duis at velit eu est congue elementum in hac habitasse,EXITOSO,2018-12-08 05:27:31,ENABLED
44,132931001,2,montes nascetur ridiculus mus vivamus vestibulum sagittis sapien cum sociis natoque penatibus,RECHAZADA,2019-05-19 18:48:42,DELETED
45,329214763,3,elit proin interdum mauris non ligula pellentesque ultrices phasellus id sapien in,RECHAZADA,2018-12-04 03:40:48,ENABLED
46,340791911,4,ut mauris eget massa tempor convallis nulla neque libero convallis eget,EXITOSO,2019-08-02 09:51:23,DELETED
47,214077490,5,ipsum praesent blandit lacinia erat vestibulum sed magna at nunc,EN PROCESO,2019-08-22 13:59:23,ENABLED
48,818614767,6,ut at dolor quis odio consequat varius integer ac leo,RECHAZADA,2019-08-03 20:34:24,DELETED
49,566715452,7,in lectus pellentesque at nulla suspendisse potenti cras in purus eu magna,EN PROCESO,2018-11-02 02:09:49,ENABLED
50,494790314,1,cras pellentesque volutpat dui maecenas tristique est et tempus semper est quam,RECHAZADA,2019-07-27 12:39:55,DELETED
51,315919594,2,id nisl venenatis lacinia aenean sit amet justo morbi ut odio cras mi pede malesuada,EN PROCESO,2019-03-10 09:31:58,ENABLED
52,728150876,3,metus vitae ipsum aliquam non mauris morbi non lectus aliquam,PENDIENTE,2019-06-14 00:28:35,ENABLED
53,660191923,4,auctor gravida sem praesent id massa id nisl venenatis lacinia aenean sit,RECHAZADA,2018-10-20 14:33:28,ENABLED
54,639393918,5,curae nulla dapibus dolor vel est donec odio justo sollicitudin ut suscipit a,RECHAZADA,2018-11-03 04:45:39,DELETED
55,250354866,6,nisi at nibh in hac habitasse platea dictumst aliquam augue quam sollicitudin vitae consectetuer eget,EXITOSO,2019-07-27 08:08:07,DELETED
56,658132822,7,tristique est et tempus semper est quam pharetra magna ac consequat metus,EXITOSO,2019-06-11 22:15:03,DELETED
57,878603017,1,velit nec nisi vulputate nonummy maecenas tincidunt lacus at velit vivamus vel nulla,PENDIENTE,2019-04-29 15:43:38,ENABLED
58,317829678,2,dictumst aliquam augue quam sollicitudin vitae consectetuer eget rutrum at lorem integer tincidunt,EN PROCESO,2019-05-06 05:04:22,ENABLED
59,796431271,3,ultrices enim lorem ipsum dolor sit amet consectetuer adipiscing elit proin interdum,RECHAZADA,2019-01-31 04:55:30,ENABLED
60,344577272,4,sit amet diam in magna bibendum imperdiet nullam orci pede,RECHAZADA,2018-12-02 17:18:26,ENABLED
61,190079290,5,congue diam id ornare imperdiet sapien urna pretium nisl ut volutpat sapien arcu,EXITOSO,2018-11-23 18:23:51,ENABLED
62,657266789,6,praesent id massa id nisl venenatis lacinia aenean sit amet justo morbi ut,EXITOSO,2019-07-10 09:33:36,ENABLED
63,744148054,7,natoque penatibus et magnis dis parturient montes nascetur ridiculus mus etiam vel augue,EN PROCESO,2018-12-13 06:17:18,ENABLED
64,941380548,1,in faucibus orci luctus et ultrices posuere cubilia curae duis faucibus accumsan odio,PENDIENTE,2019-05-23 01:03:30,ENABLED
65,470148635,2,dui proin leo odio porttitor id consequat in consequat ut nulla sed accumsan felis,RECHAZADA,2019-05-02 21:02:44,ENABLED
66,48503101,3,sodales sed tincidunt eu felis fusce posuere felis sed lacus,PENDIENTE,2018-12-20 05:07:36,DELETED
67,14824831,4,nulla nisl nunc nisl duis bibendum felis sed interdum venenatis turpis enim blandit,RECHAZADA,2019-07-12 14:55:21,DELETED
68,910284399,5,volutpat dui maecenas tristique est et tempus semper est quam pharetra,RECHAZADA,2018-11-25 11:50:19,DELETED
69,300084568,6,luctus et ultrices posuere cubilia curae mauris viverra diam vitae quam suspendisse potenti nullam,EXITOSO,2019-06-29 09:48:24,DELETED
70,268368822,7,venenatis lacinia aenean sit amet justo morbi ut odio cras mi pede malesuada,EN PROCESO,2018-11-11 07:13:44,ENABLED
71,755528448,1,nec molestie sed justo pellentesque viverra pede ac diam cras pellentesque volutpat dui maecenas tristique,RECHAZADA,2019-08-24 09:37:41,ENABLED
72,48549563,2,in sapien iaculis congue vivamus metus arcu adipiscing molestie hendrerit at vulputate vitae nisl aenean,EN PROCESO,2019-06-04 20:09:56,ENABLED
73,469700685,3,ut nulla sed accumsan felis ut at dolor quis odio consequat,PENDIENTE,2019-09-06 14:47:50,DELETED
74,760500174,4,vulputate luctus cum sociis natoque penatibus et magnis dis parturient montes nascetur ridiculus,EXITOSO,2019-07-30 08:12:03,DELETED
75,769969885,5,consequat lectus in est risus auctor sed tristique in tempus sit amet,RECHAZADA,2018-10-29 13:01:01,DELETED
76,871995939,6,ultrices posuere cubilia curae duis faucibus accumsan odio curabitur convallis duis consequat,PENDIENTE,2018-12-01 02:58:00,ENABLED
77,999846940,7,eleifend luctus ultricies eu nibh quisque id justo sit amet sapien dignissim vestibulum,EXITOSO,2018-12-11 08:15:11,DELETED
78,400948974,1,at nibh in hac habitasse platea dictumst aliquam augue quam sollicitudin vitae consectetuer eget,EXITOSO,2019-07-18 16:07:50,DELETED
79,70500802,2,donec quis orci eget orci vehicula condimentum curabitur in libero ut massa volutpat,EN PROCESO,2019-05-20 19:58:26,DELETED
80,621009012,3,sapien arcu sed augue aliquam erat volutpat in congue etiam justo etiam,EXITOSO,2019-01-12 03:31:04,DELETED
81,654484652,4,ultrices enim lorem ipsum dolor sit amet consectetuer adipiscing elit proin interdum mauris,PENDIENTE,2019-02-15 01:31:02,DELETED
82,353207809,5,curabitur gravida nisi at nibh in hac habitasse platea dictumst,EN PROCESO,2019-08-27 14:48:22,DELETED
83,782810254,6,purus sit amet nulla quisque arcu libero rutrum ac lobortis vel dapibus at diam nam,EN PROCESO,2019-07-27 22:10:24,DELETED
84,523682785,7,rhoncus aliquam lacus morbi quis tortor id nulla ultrices aliquet maecenas leo odio condimentum,RECHAZADA,2018-10-20 01:36:23,DELETED
85,393236230,1,duis faucibus accumsan odio curabitur convallis duis consequat dui nec nisi,PENDIENTE,2019-07-09 02:43:39,DELETED
86,762850913,2,justo eu massa donec dapibus duis at velit eu est congue elementum in,EN PROCESO,2019-04-08 08:19:45,ENABLED
87,439884425,3,orci luctus et ultrices posuere cubilia curae nulla dapibus dolor vel est donec odio justo,PENDIENTE,2019-02-08 12:59:50,DELETED
88,650465830,4,eros viverra eget congue eget semper rutrum nulla nunc purus,EN PROCESO,2019-08-02 07:41:51,DELETED
89,71324120,5,turpis eget elit sodales scelerisque mauris sit amet eros suspendisse,RECHAZADA,2018-12-03 11:55:25,DELETED
90,419848589,6,adipiscing elit proin interdum mauris non ligula pellentesque ultrices phasellus id sapien in sapien,PENDIENTE,2019-04-05 10:04:39,DELETED
91,712131168,7,montes nascetur ridiculus mus vivamus vestibulum sagittis sapien cum sociis natoque penatibus et,RECHAZADA,2019-08-07 17:23:14,DELETED
92,826752052,1,viverra eget congue eget semper rutrum nulla nunc purus phasellus,EXITOSO,2019-05-24 14:20:33,DELETED
93,832065571,2,est et tempus semper est quam pharetra magna ac consequat metus sapien ut nunc vestibulum,EXITOSO,2018-12-24 09:05:07,DELETED
94,302527755,3,ultrices libero non mattis pulvinar nulla pede ullamcorper augue a suscipit nulla elit ac nulla,RECHAZADA,2019-04-24 16:45:42,ENABLED
95,389497873,4,sociis natoque penatibus et magnis dis parturient montes nascetur ridiculus mus etiam vel,EN PROCESO,2019-07-19 22:23:51,ENABLED
96,754608156,5,integer non velit donec diam neque vestibulum eget vulputate ut ultrices vel augue vestibulum,PENDIENTE,2018-12-05 16:26:36,ENABLED
97,493757915,6,tincidunt eget tempus vel pede morbi porttitor lorem id ligula,EN PROCESO,2019-03-06 11:38:03,ENABLED
98,232865280,7,elit proin interdum mauris non ligula pellentesque ultrices phasellus id sapien in sapien iaculis,EN PROCESO,2019-03-01 01:56:09,DELETED
99,93261820,1,varius ut blandit non interdum in ante vestibulum ante ipsum primis in faucibus orci luctus,PENDIENTE,2019-04-23 10:01:27,ENABLED
100,553434122,2,consectetuer eget rutrum at lorem integer tincidunt ante vel ipsum praesent blandit lacinia,EXITOSO,2019-05-03 04:35:24,ENABLED
101,598373469,3,sapien non mi integer ac neque duis bibendum morbi non quam nec dui,PENDIENTE,2019-07-28 03:36:58,DELETED
102,766108798,4,nisi at nibh in hac habitasse platea dictumst aliquam augue quam sollicitudin vitae consectetuer eget,RECHAZADA,2018-12-20 09:52:30,DELETED
103,895968658,5,blandit lacinia erat vestibulum sed magna at nunc commodo placerat praesent blandit nam nulla,RECHAZADA,2018-11-18 02:26:36,DELETED
104,682135647,6,pede posuere nonummy integer non velit donec diam neque vestibulum eget,PENDIENTE,2019-02-01 08:30:08,DELETED
105,436815557,7,augue vel accumsan tellus nisi eu orci mauris lacinia sapien,PENDIENTE,2018-12-03 03:22:34,DELETED
106,970156039,1,libero convallis eget eleifend luctus ultricies eu nibh quisque id justo,EXITOSO,2018-12-30 22:10:31,ENABLED
107,223846708,2,primis in faucibus orci luctus et ultrices posuere cubilia curae duis,PENDIENTE,2018-12-31 00:11:35,DELETED
108,332295373,3,vel nulla eget eros elementum pellentesque quisque porta volutpat erat,EXITOSO,2019-07-28 22:45:07,DELETED
109,396389716,4,consectetuer eget rutrum at lorem integer tincidunt ante vel ipsum praesent,RECHAZADA,2019-06-12 04:17:28,ENABLED
110,25317209,5,sollicitudin ut suscipit a feugiat et eros vestibulum ac est lacinia,EN PROCESO,2018-12-16 14:07:46,ENABLED
111,394240614,6,neque libero convallis eget eleifend luctus ultricies eu nibh quisque id justo sit amet,EXITOSO,2019-07-09 16:51:01,ENABLED
112,604173590,7,gravida sem praesent id massa id nisl venenatis lacinia aenean sit amet justo morbi ut,RECHAZADA,2019-10-17 09:08:37,DELETED
113,197838488,1,odio consequat varius integer ac leo pellentesque ultrices mattis odio donec vitae nisi nam ultrices,EN PROCESO,2018-12-09 13:40:02,DELETED
114,386797359,2,felis eu sapien cursus vestibulum proin eu mi nulla ac,EN PROCESO,2019-04-04 20:40:50,DELETED
115,512563086,3,eget nunc donec quis orci eget orci vehicula condimentum curabitur in,EXITOSO,2019-07-03 07:06:13,DELETED
116,728104699,4,id justo sit amet sapien dignissim vestibulum vestibulum ante ipsum,EN PROCESO,2019-08-13 02:17:40,DELETED
117,249456042,5,mattis egestas metus aenean fermentum donec ut mauris eget massa tempor convallis nulla neque,EXITOSO,2019-02-23 08:02:43,DELETED
118,476532561,6,porttitor id consequat in consequat ut nulla sed accumsan felis ut at,RECHAZADA,2018-10-20 16:49:13,ENABLED
119,529468837,7,diam id ornare imperdiet sapien urna pretium nisl ut volutpat sapien arcu sed,EXITOSO,2019-08-28 23:59:56,DELETED
120,144336072,1,pede malesuada in imperdiet et commodo vulputate justo in blandit,RECHAZADA,2019-06-01 21:13:24,DELETED
121,440860148,2,sit amet diam in magna bibendum imperdiet nullam orci pede venenatis non sodales sed,EN PROCESO,2019-03-15 04:49:02,DELETED
122,869308468,3,in hac habitasse platea dictumst maecenas ut massa quis augue luctus tincidunt nulla mollis molestie,EN PROCESO,2019-01-08 06:26:43,DELETED
123,986883003,4,ipsum praesent blandit lacinia erat vestibulum sed magna at nunc commodo,EXITOSO,2019-10-15 06:45:57,DELETED
124,734622019,5,potenti nullam porttitor lacus at turpis donec posuere metus vitae ipsum aliquam,EN PROCESO,2019-03-27 00:39:02,ENABLED
125,209123772,6,sit amet lobortis sapien sapien non mi integer ac neque duis bibendum,EN PROCESO,2019-06-07 05:41:06,ENABLED
126,111857974,7,neque duis bibendum morbi non quam nec dui luctus rutrum nulla tellus in,EN PROCESO,2019-02-28 08:20:35,ENABLED
127,963389782,1,ac nulla sed vel enim sit amet nunc viverra dapibus,RECHAZADA,2019-01-25 14:15:48,ENABLED
128,372798970,2,arcu libero rutrum ac lobortis vel dapibus at diam nam tristique,PENDIENTE,2019-06-20 07:50:59,ENABLED
129,370276882,3,sit amet turpis elementum ligula vehicula consequat morbi a ipsum integer a nibh in quis,RECHAZADA,2019-01-02 09:38:31,ENABLED
130,956711745,4,nonummy maecenas tincidunt lacus at velit vivamus vel nulla eget eros elementum,EN PROCESO,2019-08-09 19:49:31,ENABLED
131,604754951,5,suspendisse accumsan tortor quis turpis sed ante vivamus tortor duis mattis egestas metus,EXITOSO,2019-04-11 11:04:43,DELETED
132,511021995,6,vel augue vestibulum rutrum rutrum neque aenean auctor gravida sem praesent id,EXITOSO,2019-08-31 00:06:47,DELETED
133,850841610,7,orci eget orci vehicula condimentum curabitur in libero ut massa volutpat convallis,EN PROCESO,2019-01-10 09:17:09,DELETED
134,651370042,1,ornare consequat lectus in est risus auctor sed tristique in tempus sit,EXITOSO,2019-08-13 22:21:02,DELETED
135,543020556,2,justo etiam pretium iaculis justo in hac habitasse platea dictumst etiam,EN PROCESO,2019-06-12 15:39:25,DELETED
136,397030230,3,et magnis dis parturient montes nascetur ridiculus mus etiam vel augue,EXITOSO,2019-10-05 08:11:58,DELETED
137,120496035,4,ante ipsum primis in faucibus orci luctus et ultrices posuere cubilia curae duis,EN PROCESO,2019-04-11 18:34:08,ENABLED
138,859194295,5,eget orci vehicula condimentum curabitur in libero ut massa volutpat convallis morbi,EN PROCESO,2018-12-07 09:22:33,ENABLED
139,76620487,6,volutpat eleifend donec ut dolor morbi vel lectus in quam fringilla rhoncus mauris,EN PROCESO,2018-12-16 03:09:09,ENABLED
140,115491346,7,etiam pretium iaculis justo in hac habitasse platea dictumst etiam faucibus cursus,PENDIENTE,2019-08-31 20:01:46,DELETED
141,286673077,1,ut blandit non interdum in ante vestibulum ante ipsum primis in faucibus,PENDIENTE,2019-02-07 14:15:20,DELETED
142,190014942,2,ac est lacinia nisi venenatis tristique fusce congue diam id ornare imperdiet sapien,PENDIENTE,2018-11-08 12:20:17,DELETED
143,450122979,3,ipsum primis in faucibus orci luctus et ultrices posuere cubilia,RECHAZADA,2018-12-25 18:16:34,DELETED
144,290473040,4,odio justo sollicitudin ut suscipit a feugiat et eros vestibulum ac est lacinia nisi,RECHAZADA,2019-05-05 09:51:59,DELETED
145,548899995,5,est donec odio justo sollicitudin ut suscipit a feugiat et eros vestibulum,EXITOSO,2019-01-20 03:42:45,ENABLED
146,618682301,6,lorem integer tincidunt ante vel ipsum praesent blandit lacinia erat vestibulum,EXITOSO,2018-11-22 23:50:13,ENABLED
147,334373475,7,ullamcorper purus sit amet nulla quisque arcu libero rutrum ac lobortis vel dapibus at diam,EXITOSO,2019-05-15 10:05:19,DELETED
148,377693397,1,morbi vestibulum velit id pretium iaculis diam erat fermentum justo,EXITOSO,2019-06-14 06:15:35,ENABLED
149,607861738,2,id consequat in consequat ut nulla sed accumsan felis ut at dolor quis odio consequat,RECHAZADA,2019-05-21 20:20:57,ENABLED
150,390607983,3,nam nulla integer pede justo lacinia eget tincidunt eget tempus vel pede morbi,PENDIENTE,2018-12-06 14:48:37,ENABLED
151,516777644,4,ante vivamus tortor duis mattis egestas metus aenean fermentum donec ut mauris eget massa tempor,EXITOSO,2019-01-11 19:16:04,ENABLED
152,487223919,5,primis in faucibus orci luctus et ultrices posuere cubilia curae nulla dapibus dolor vel est,RECHAZADA,2019-09-27 20:33:12,DELETED
153,594185055,6,eget nunc donec quis orci eget orci vehicula condimentum curabitur,EN PROCESO,2018-11-12 02:14:51,ENABLED
154,390629789,7,nonummy integer non velit donec diam neque vestibulum eget vulputate ut ultrices vel augue vestibulum,RECHAZADA,2019-07-24 11:12:40,DELETED
155,258994339,1,morbi a ipsum integer a nibh in quis justo maecenas rhoncus,RECHAZADA,2019-09-03 20:19:52,DELETED
156,374711019,2,sapien sapien non mi integer ac neque duis bibendum morbi,PENDIENTE,2019-05-04 21:23:17,DELETED
157,401654329,3,sapien varius ut blandit non interdum in ante vestibulum ante,RECHAZADA,2019-01-02 00:21:44,ENABLED
158,715608790,4,lacus morbi quis tortor id nulla ultrices aliquet maecenas leo odio condimentum id,RECHAZADA,2019-10-18 21:21:44,DELETED
159,304311217,5,sed sagittis nam congue risus semper porta volutpat quam pede lobortis,EN PROCESO,2019-09-16 20:23:30,DELETED
160,330531900,6,nascetur ridiculus mus vivamus vestibulum sagittis sapien cum sociis natoque penatibus et magnis dis parturient,EXITOSO,2019-01-18 04:31:32,ENABLED
161,91479076,7,mattis egestas metus aenean fermentum donec ut mauris eget massa tempor convallis nulla neque libero,EXITOSO,2019-06-01 21:14:10,DELETED
162,882802907,1,a pede posuere nonummy integer non velit donec diam neque vestibulum eget vulputate ut,EN PROCESO,2018-12-29 01:43:35,DELETED
163,310414788,2,odio consequat varius integer ac leo pellentesque ultrices mattis odio,RECHAZADA,2019-07-04 07:33:03,DELETED
164,237868449,3,enim lorem ipsum dolor sit amet consectetuer adipiscing elit proin interdum mauris non,PENDIENTE,2018-12-16 16:40:41,ENABLED
165,714260552,4,morbi sem mauris laoreet ut rhoncus aliquet pulvinar sed nisl nunc rhoncus dui vel sem,EN PROCESO,2019-04-27 21:40:28,ENABLED
166,447319062,5,magna vestibulum aliquet ultrices erat tortor sollicitudin mi sit amet lobortis sapien,EN PROCESO,2019-07-08 19:13:43,DELETED
167,462201691,6,at turpis donec posuere metus vitae ipsum aliquam non mauris morbi,PENDIENTE,2018-12-14 11:14:03,ENABLED
168,418679078,7,habitasse platea dictumst etiam faucibus cursus urna ut tellus nulla ut erat,EN PROCESO,2019-02-19 21:45:13,DELETED
169,750727702,1,nulla facilisi cras non velit nec nisi vulputate nonummy maecenas tincidunt lacus at,EXITOSO,2019-08-31 07:43:25,DELETED
170,229191701,2,justo morbi ut odio cras mi pede malesuada in imperdiet,PENDIENTE,2019-02-18 04:07:30,ENABLED
171,700742301,3,odio in hac habitasse platea dictumst maecenas ut massa quis augue luctus tincidunt nulla,PENDIENTE,2019-01-05 09:48:00,DELETED
172,417709022,4,amet diam in magna bibendum imperdiet nullam orci pede venenatis non,PENDIENTE,2019-06-13 09:46:03,ENABLED
173,115641511,5,ac diam cras pellentesque volutpat dui maecenas tristique est et tempus,PENDIENTE,2019-02-28 11:54:15,DELETED
174,601020973,6,non velit donec diam neque vestibulum eget vulputate ut ultrices vel augue vestibulum ante ipsum,EN PROCESO,2019-08-29 00:57:37,DELETED
175,298766203,7,cras in purus eu magna vulputate luctus cum sociis natoque penatibus et magnis dis,RECHAZADA,2019-03-24 10:07:53,ENABLED
176,24103656,1,sociis natoque penatibus et magnis dis parturient montes nascetur ridiculus mus vivamus vestibulum,EN PROCESO,2018-12-23 05:53:19,DELETED
177,860047840,2,volutpat quam pede lobortis ligula sit amet eleifend pede libero quis orci,RECHAZADA,2019-09-18 09:55:14,ENABLED
178,655862754,3,varius integer ac leo pellentesque ultrices mattis odio donec vitae nisi nam ultrices libero,EXITOSO,2019-07-08 16:38:38,DELETED
179,439997989,4,ut tellus nulla ut erat id mauris vulputate elementum nullam varius nulla facilisi,EXITOSO,2019-05-09 12:38:37,ENABLED
180,865045888,5,nam dui proin leo odio porttitor id consequat in consequat ut nulla sed accumsan,EN PROCESO,2018-11-27 08:22:49,DELETED
181,761507036,6,dapibus dolor vel est donec odio justo sollicitudin ut suscipit a feugiat et eros vestibulum,RECHAZADA,2019-07-18 00:15:18,ENABLED
182,85123646,7,dui vel nisl duis ac nibh fusce lacus purus aliquet at,EN PROCESO,2019-04-20 21:25:31,ENABLED
183,741255981,1,elit proin risus praesent lectus vestibulum quam sapien varius ut blandit non interdum in ante,EXITOSO,2019-08-12 01:36:41,DELETED
184,462398841,2,pede malesuada in imperdiet et commodo vulputate justo in blandit ultrices enim lorem,EN PROCESO,2019-07-01 14:12:54,DELETED
185,633838986,3,justo sollicitudin ut suscipit a feugiat et eros vestibulum ac,EN PROCESO,2019-08-22 14:05:02,ENABLED
186,940154351,4,libero convallis eget eleifend luctus ultricies eu nibh quisque id justo sit amet sapien,RECHAZADA,2019-05-04 07:49:41,DELETED
187,781476556,5,mattis pulvinar nulla pede ullamcorper augue a suscipit nulla elit ac nulla sed vel enim,EXITOSO,2019-05-02 21:27:06,DELETED
188,335863456,6,parturient montes nascetur ridiculus mus vivamus vestibulum sagittis sapien cum sociis natoque,EXITOSO,2018-12-09 11:32:30,DELETED
189,67858757,7,porta volutpat quam pede lobortis ligula sit amet eleifend pede libero quis orci nullam,EXITOSO,2019-02-11 14:16:09,ENABLED
190,716512545,1,justo morbi ut odio cras mi pede malesuada in imperdiet et commodo vulputate justo,EXITOSO,2019-02-10 07:50:15,DELETED
191,943259394,2,ornare consequat lectus in est risus auctor sed tristique in tempus sit,RECHAZADA,2019-04-01 06:23:41,DELETED
192,229175619,3,sapien arcu sed augue aliquam erat volutpat in congue etiam justo etiam pretium iaculis justo,EN PROCESO,2019-03-07 05:10:09,DELETED
193,689800705,4,vel lectus in quam fringilla rhoncus mauris enim leo rhoncus sed,EN PROCESO,2018-11-16 22:08:46,DELETED
194,377337356,5,ipsum primis in faucibus orci luctus et ultrices posuere cubilia curae mauris viverra diam vitae,EXITOSO,2019-10-17 23:15:31,ENABLED
195,593340093,6,quis orci eget orci vehicula condimentum curabitur in libero ut massa volutpat,EN PROCESO,2019-10-16 01:02:10,ENABLED
196,748573607,7,sollicitudin mi sit amet lobortis sapien sapien non mi integer ac neque duis bibendum,EN PROCESO,2019-04-13 11:33:31,DELETED
197,222194674,1,lobortis sapien sapien non mi integer ac neque duis bibendum morbi non,EN PROCESO,2019-10-09 20:26:48,DELETED
198,886659159,2,nam nulla integer pede justo lacinia eget tincidunt eget tempus vel,PENDIENTE,2019-02-28 06:56:42,DELETED
199,674107380,3,bibendum felis sed interdum venenatis turpis enim blandit mi in porttitor,EXITOSO,2019-04-01 04:43:43,ENABLED
200,953405725,4,lectus in est risus auctor sed tristique in tempus sit amet sem,EXITOSO,2019-02-26 03:02:55,DELETED
201,328628847,5,consequat metus sapien ut nunc vestibulum ante ipsum primis in faucibus orci luctus,EN PROCESO,2019-10-11 19:14:42,ENABLED
202,282709059,6,ac enim in tempor turpis nec euismod scelerisque quam turpis adipiscing lorem vitae,EXITOSO,2018-12-29 17:32:55,DELETED
203,794804360,7,ut mauris eget massa tempor convallis nulla neque libero convallis eget eleifend luctus ultricies eu,RECHAZADA,2019-09-27 13:29:42,DELETED
204,103569803,1,eget eros elementum pellentesque quisque porta volutpat erat quisque erat eros viverra,RECHAZADA,2018-12-15 11:18:19,ENABLED
205,841667037,2,nonummy integer non velit donec diam neque vestibulum eget vulputate,EN PROCESO,2018-11-21 23:49:15,DELETED
206,718435762,3,in est risus auctor sed tristique in tempus sit amet sem fusce consequat,RECHAZADA,2019-06-29 14:21:48,DELETED
207,257617819,4,sed augue aliquam erat volutpat in congue etiam justo etiam pretium iaculis justo in hac,RECHAZADA,2019-05-26 18:04:16,DELETED
208,340664387,5,tortor quis turpis sed ante vivamus tortor duis mattis egestas metus aenean,EN PROCESO,2019-06-01 07:33:38,ENABLED
209,687679322,6,nam congue risus semper porta volutpat quam pede lobortis ligula sit amet eleifend,RECHAZADA,2019-06-22 16:12:33,ENABLED
210,780623918,7,donec vitae nisi nam ultrices libero non mattis pulvinar nulla pede ullamcorper,EN PROCESO,2019-02-13 14:23:24,ENABLED
211,254146862,1,velit eu est congue elementum in hac habitasse platea dictumst morbi vestibulum velit id pretium,EN PROCESO,2019-07-10 22:20:00,DELETED
212,582360656,2,at velit vivamus vel nulla eget eros elementum pellentesque quisque,EN PROCESO,2018-12-16 09:02:36,ENABLED
213,548190529,3,nulla sed accumsan felis ut at dolor quis odio consequat varius integer ac leo,PENDIENTE,2019-01-28 02:22:54,DELETED
214,580753338,4,pede justo lacinia eget tincidunt eget tempus vel pede morbi porttitor,PENDIENTE,2018-10-25 22:07:24,ENABLED
215,382660904,5,in faucibus orci luctus et ultrices posuere cubilia curae nulla dapibus dolor vel est,PENDIENTE,2019-07-23 12:44:28,ENABLED
216,787988183,6,elit ac nulla sed vel enim sit amet nunc viverra dapibus,EN PROCESO,2019-05-19 21:57:59,DELETED
217,827036212,7,nunc proin at turpis a pede posuere nonummy integer non velit,PENDIENTE,2019-04-27 23:57:25,ENABLED
218,597998344,1,quisque ut erat curabitur gravida nisi at nibh in hac habitasse platea dictumst aliquam,PENDIENTE,2019-08-30 20:39:03,ENABLED
219,686984191,2,laoreet ut rhoncus aliquet pulvinar sed nisl nunc rhoncus dui vel sem,RECHAZADA,2019-06-15 02:04:18,DELETED
220,40854468,3,felis fusce posuere felis sed lacus morbi sem mauris laoreet ut rhoncus aliquet,EXITOSO,2019-02-26 12:27:40,ENABLED
221,90349112,4,metus vitae ipsum aliquam non mauris morbi non lectus aliquam sit amet,PENDIENTE,2019-06-08 11:43:13,DELETED
222,134154342,5,a pede posuere nonummy integer non velit donec diam neque vestibulum eget,RECHAZADA,2018-11-28 08:15:46,ENABLED
223,329968678,6,ridiculus mus etiam vel augue vestibulum rutrum rutrum neque aenean auctor,EN PROCESO,2019-02-17 01:30:15,ENABLED
224,741234787,7,iaculis congue vivamus metus arcu adipiscing molestie hendrerit at vulputate vitae nisl aenean lectus pellentesque,EXITOSO,2019-03-23 19:00:54,ENABLED
225,272462914,1,pellentesque quisque porta volutpat erat quisque erat eros viverra eget congue eget semper rutrum nulla,PENDIENTE,2019-07-31 04:59:52,ENABLED
226,652071441,2,at velit vivamus vel nulla eget eros elementum pellentesque quisque porta volutpat erat quisque erat,PENDIENTE,2019-07-25 02:28:46,DELETED
227,550890582,3,tortor sollicitudin mi sit amet lobortis sapien sapien non mi integer ac neque duis,EN PROCESO,2019-03-25 09:40:48,DELETED
228,157305271,4,rhoncus sed vestibulum sit amet cursus id turpis integer aliquet massa,RECHAZADA,2018-12-23 02:11:59,DELETED
229,733459345,5,duis consequat dui nec nisi volutpat eleifend donec ut dolor morbi vel,EXITOSO,2019-09-09 10:45:09,DELETED
230,980234903,6,nulla integer pede justo lacinia eget tincidunt eget tempus vel pede morbi porttitor,RECHAZADA,2019-09-02 17:40:56,ENABLED
231,571661352,7,sit amet sapien dignissim vestibulum vestibulum ante ipsum primis in faucibus,PENDIENTE,2019-10-08 13:55:34,DELETED
232,340159819,1,orci luctus et ultrices posuere cubilia curae donec pharetra magna vestibulum aliquet,PENDIENTE,2018-10-26 10:39:41,ENABLED
233,399657064,2,at nulla suspendisse potenti cras in purus eu magna vulputate luctus cum sociis natoque,PENDIENTE,2019-03-06 08:30:28,DELETED
234,93939174,3,vel nulla eget eros elementum pellentesque quisque porta volutpat erat quisque erat,EXITOSO,2018-11-15 01:01:34,DELETED
235,772962195,4,purus sit amet nulla quisque arcu libero rutrum ac lobortis,EXITOSO,2019-09-03 02:33:34,ENABLED
236,605973745,5,interdum mauris ullamcorper purus sit amet nulla quisque arcu libero rutrum ac lobortis,EXITOSO,2018-10-31 05:37:33,ENABLED
237,463790906,6,nullam porttitor lacus at turpis donec posuere metus vitae ipsum aliquam non,PENDIENTE,2019-02-15 10:33:35,ENABLED
238,640014356,7,aliquam quis turpis eget elit sodales scelerisque mauris sit amet,EN PROCESO,2019-10-03 05:09:43,DELETED
239,962310908,1,vivamus tortor duis mattis egestas metus aenean fermentum donec ut mauris eget massa tempor,PENDIENTE,2019-01-30 14:07:07,DELETED
240,398496634,2,in faucibus orci luctus et ultrices posuere cubilia curae duis faucibus,PENDIENTE,2019-07-18 19:49:33,ENABLED
241,879680124,3,leo odio porttitor id consequat in consequat ut nulla sed accumsan felis ut at dolor,PENDIENTE,2018-12-15 10:48:42,ENABLED
242,21792974,4,fusce lacus purus aliquet at feugiat non pretium quis lectus suspendisse potenti in eleifend,PENDIENTE,2019-03-28 19:12:49,DELETED
243,935424669,5,cursus id turpis integer aliquet massa id lobortis convallis tortor risus dapibus augue,EXITOSO,2019-09-24 09:25:46,DELETED
244,64465900,6,nulla elit ac nulla sed vel enim sit amet nunc viverra,PENDIENTE,2019-04-15 16:40:33,DELETED
245,932959816,7,sem duis aliquam convallis nunc proin at turpis a pede posuere nonummy,PENDIENTE,2019-06-30 00:50:19,DELETED
246,706947792,1,proin eu mi nulla ac enim in tempor turpis nec euismod scelerisque quam,RECHAZADA,2019-02-23 03:24:32,DELETED
247,477044613,2,porttitor lacus at turpis donec posuere metus vitae ipsum aliquam non mauris morbi non,EXITOSO,2019-06-13 18:39:27,DELETED
248,639032856,3,sed sagittis nam congue risus semper porta volutpat quam pede lobortis,RECHAZADA,2018-11-19 00:40:28,ENABLED
249,44992279,4,eu nibh quisque id justo sit amet sapien dignissim vestibulum vestibulum ante ipsum primis in,EN PROCESO,2018-11-09 07:10:32,ENABLED
250,933040448,5,orci eget orci vehicula condimentum curabitur in libero ut massa volutpat convallis morbi,RECHAZADA,2019-03-08 20:13:58,ENABLED
251,22325439,6,ligula nec sem duis aliquam convallis nunc proin at turpis a pede,RECHAZADA,2018-12-15 17:45:50,ENABLED
252,605199007,7,vulputate elementum nullam varius nulla facilisi cras non velit nec nisi vulputate,PENDIENTE,2018-10-27 11:00:12,ENABLED
253,339894174,1,at nibh in hac habitasse platea dictumst aliquam augue quam sollicitudin,EXITOSO,2018-12-13 04:59:49,ENABLED
254,261693169,2,pretium nisl ut volutpat sapien arcu sed augue aliquam erat volutpat,EXITOSO,2019-01-06 07:17:13,DELETED
255,293150781,3,vel accumsan tellus nisi eu orci mauris lacinia sapien quis libero nullam sit amet turpis,EN PROCESO,2019-09-17 19:59:24,ENABLED
256,578754631,4,vulputate ut ultrices vel augue vestibulum ante ipsum primis in faucibus,EN PROCESO,2019-06-27 01:18:13,DELETED
257,99942967,5,sem sed sagittis nam congue risus semper porta volutpat quam,RECHAZADA,2019-09-02 01:48:13,DELETED
258,380436254,6,felis sed interdum venenatis turpis enim blandit mi in porttitor pede justo eu,RECHAZADA,2019-10-17 20:04:35,DELETED
259,613834377,7,ultrices aliquet maecenas leo odio condimentum id luctus nec molestie sed justo,PENDIENTE,2018-12-22 06:46:18,DELETED
260,571045403,1,praesent blandit nam nulla integer pede justo lacinia eget tincidunt eget tempus vel pede morbi,EN PROCESO,2018-12-22 23:23:08,ENABLED
261,83026159,2,volutpat convallis morbi odio odio elementum eu interdum eu tincidunt in,RECHAZADA,2018-11-20 02:38:46,ENABLED
262,548442285,3,lacus purus aliquet at feugiat non pretium quis lectus suspendisse potenti in eleifend quam a,EXITOSO,2019-04-12 12:57:42,ENABLED
263,333145145,4,interdum venenatis turpis enim blandit mi in porttitor pede justo eu,EXITOSO,2018-11-01 22:36:23,DELETED
264,596166006,5,sed ante vivamus tortor duis mattis egestas metus aenean fermentum donec,EXITOSO,2019-04-12 15:22:50,ENABLED
265,361964266,6,sem fusce consequat nulla nisl nunc nisl duis bibendum felis sed,RECHAZADA,2019-03-12 15:14:20,ENABLED
266,637757859,7,vulputate vitae nisl aenean lectus pellentesque eget nunc donec quis orci eget orci,PENDIENTE,2019-03-21 12:15:14,DELETED
267,395954311,1,donec posuere metus vitae ipsum aliquam non mauris morbi non lectus aliquam sit amet,PENDIENTE,2019-01-23 03:25:07,ENABLED
268,465986998,2,turpis a pede posuere nonummy integer non velit donec diam neque vestibulum,PENDIENTE,2019-05-13 10:37:00,DELETED
269,506365312,3,nunc proin at turpis a pede posuere nonummy integer non velit donec diam neque,EN PROCESO,2019-03-19 03:46:55,ENABLED
270,538448228,4,morbi non quam nec dui luctus rutrum nulla tellus in sagittis dui vel nisl duis,PENDIENTE,2019-09-14 12:45:08,DELETED
271,67029621,5,mauris ullamcorper purus sit amet nulla quisque arcu libero rutrum,PENDIENTE,2019-09-07 05:00:11,ENABLED
272,771512714,6,tristique fusce congue diam id ornare imperdiet sapien urna pretium,EN PROCESO,2019-07-24 06:19:40,ENABLED
273,149759983,7,maecenas pulvinar lobortis est phasellus sit amet erat nulla tempus vivamus in,EXITOSO,2019-03-10 07:44:32,ENABLED
274,309691384,1,sed vestibulum sit amet cursus id turpis integer aliquet massa id lobortis convallis tortor risus,RECHAZADA,2018-11-29 07:38:17,DELETED
275,449879634,2,turpis a pede posuere nonummy integer non velit donec diam neque vestibulum eget,EN PROCESO,2019-10-16 13:38:50,ENABLED
276,397290772,3,dolor quis odio consequat varius integer ac leo pellentesque ultrices mattis,EXITOSO,2019-02-22 12:59:54,DELETED
277,973509223,4,ac nibh fusce lacus purus aliquet at feugiat non pretium quis lectus suspendisse potenti in,EXITOSO,2019-04-26 07:11:15,DELETED
278,510651688,5,ac neque duis bibendum morbi non quam nec dui luctus rutrum,EN PROCESO,2019-05-12 04:29:56,ENABLED
279,925231249,6,amet sem fusce consequat nulla nisl nunc nisl duis bibendum felis sed interdum venenatis,EXITOSO,2018-11-07 16:09:55,DELETED
280,842323734,7,ac leo pellentesque ultrices mattis odio donec vitae nisi nam ultrices,RECHAZADA,2019-08-24 02:47:32,ENABLED
281,48417652,1,at dolor quis odio consequat varius integer ac leo pellentesque ultrices mattis odio donec vitae,EXITOSO,2019-08-08 02:34:31,ENABLED
282,89536245,2,posuere cubilia curae nulla dapibus dolor vel est donec odio justo sollicitudin ut suscipit,PENDIENTE,2019-06-16 09:30:32,DELETED
283,861945068,3,dui vel sem sed sagittis nam congue risus semper porta volutpat quam pede,PENDIENTE,2019-01-10 02:15:22,ENABLED
284,374043723,4,elit ac nulla sed vel enim sit amet nunc viverra dapibus nulla suscipit ligula in,EN PROCESO,2019-04-28 02:04:16,DELETED
285,576402906,5,ultrices phasellus id sapien in sapien iaculis congue vivamus metus arcu,RECHAZADA,2019-02-04 04:08:19,ENABLED
286,315434436,6,etiam vel augue vestibulum rutrum rutrum neque aenean auctor gravida sem praesent id massa,PENDIENTE,2019-06-01 23:20:34,DELETED
287,292076261,7,cubilia curae donec pharetra magna vestibulum aliquet ultrices erat tortor sollicitudin mi sit,EXITOSO,2019-01-21 05:13:56,ENABLED
288,879879920,1,consequat varius integer ac leo pellentesque ultrices mattis odio donec,EXITOSO,2019-01-24 19:17:39,ENABLED
289,24021123,2,nulla suscipit ligula in lacus curabitur at ipsum ac tellus,EN PROCESO,2018-12-10 18:43:00,DELETED
290,660925274,3,et magnis dis parturient montes nascetur ridiculus mus etiam vel augue vestibulum rutrum rutrum,PENDIENTE,2019-04-05 02:35:48,ENABLED
291,594283908,4,sed interdum venenatis turpis enim blandit mi in porttitor pede justo,EXITOSO,2019-04-22 20:51:50,ENABLED
292,616177033,5,etiam vel augue vestibulum rutrum rutrum neque aenean auctor gravida sem,PENDIENTE,2019-04-14 16:05:35,ENABLED
293,143676898,6,hac habitasse platea dictumst morbi vestibulum velit id pretium iaculis diam erat fermentum justo,RECHAZADA,2019-08-26 19:00:59,DELETED
294,358643643,7,quisque ut erat curabitur gravida nisi at nibh in hac habitasse platea dictumst aliquam augue,RECHAZADA,2019-10-04 00:45:06,DELETED
295,990641362,1,etiam justo etiam pretium iaculis justo in hac habitasse platea dictumst etiam faucibus cursus,PENDIENTE,2019-06-23 08:50:27,DELETED
296,751673293,2,tempus sit amet sem fusce consequat nulla nisl nunc nisl duis bibendum felis,EN PROCESO,2018-12-21 15:33:27,DELETED
297,939130160,3,diam in magna bibendum imperdiet nullam orci pede venenatis non sodales,PENDIENTE,2019-08-17 14:39:53,ENABLED
298,311930572,4,magnis dis parturient montes nascetur ridiculus mus etiam vel augue vestibulum rutrum rutrum neque aenean,RECHAZADA,2019-03-15 00:09:59,DELETED
299,434222136,5,justo eu massa donec dapibus duis at velit eu est congue elementum in hac,PENDIENTE,2019-05-22 03:52:24,DELETED
300,40429662,6,sed magna at nunc commodo placerat praesent blandit nam nulla integer,EN PROCESO,2019-08-17 05:58:04,ENABLED
301,376490102,7,nibh in lectus pellentesque at nulla suspendisse potenti cras in purus,PENDIENTE,2019-09-10 19:19:18,ENABLED
302,562708275,1,elit sodales scelerisque mauris sit amet eros suspendisse accumsan tortor quis turpis sed ante,PENDIENTE,2019-03-25 15:02:33,ENABLED
303,796947177,2,aliquet maecenas leo odio condimentum id luctus nec molestie sed justo,RECHAZADA,2019-05-04 10:23:06,DELETED
304,203726159,3,tellus nisi eu orci mauris lacinia sapien quis libero nullam,RECHAZADA,2018-12-11 16:43:11,DELETED
305,602018445,4,nisl aenean lectus pellentesque eget nunc donec quis orci eget orci vehicula condimentum,EN PROCESO,2019-08-19 04:07:05,DELETED
306,247446140,5,justo aliquam quis turpis eget elit sodales scelerisque mauris sit amet eros,EXITOSO,2018-11-25 02:19:27,DELETED
307,152411057,6,sollicitudin ut suscipit a feugiat et eros vestibulum ac est lacinia nisi venenatis tristique,RECHAZADA,2019-10-06 08:35:57,ENABLED
308,365091070,7,amet turpis elementum ligula vehicula consequat morbi a ipsum integer a nibh in,RECHAZADA,2019-04-19 01:58:46,DELETED
309,294738309,1,mattis egestas metus aenean fermentum donec ut mauris eget massa tempor convallis nulla neque libero,RECHAZADA,2019-06-29 07:18:56,DELETED
310,512515326,2,ut suscipit a feugiat et eros vestibulum ac est lacinia nisi venenatis tristique fusce congue,PENDIENTE,2019-06-14 01:07:53,ENABLED
311,759281686,3,ac tellus semper interdum mauris ullamcorper purus sit amet nulla quisque,EXITOSO,2019-08-05 11:57:27,ENABLED
312,380102001,4,non ligula pellentesque ultrices phasellus id sapien in sapien iaculis,EN PROCESO,2019-01-13 06:56:07,ENABLED
313,780393270,5,ipsum dolor sit amet consectetuer adipiscing elit proin risus praesent lectus,EXITOSO,2018-12-19 19:18:33,DELETED
314,752590846,6,at lorem integer tincidunt ante vel ipsum praesent blandit lacinia erat vestibulum sed magna,EXITOSO,2019-07-14 03:17:13,DELETED
315,983330962,7,consequat metus sapien ut nunc vestibulum ante ipsum primis in faucibus orci,EN PROCESO,2019-02-15 17:02:23,ENABLED
316,361269898,1,amet eleifend pede libero quis orci nullam molestie nibh in lectus pellentesque,PENDIENTE,2019-06-19 01:22:05,DELETED
317,54210018,2,parturient montes nascetur ridiculus mus vivamus vestibulum sagittis sapien cum sociis,EN PROCESO,2019-04-13 11:57:17,DELETED
318,987883814,3,vitae nisl aenean lectus pellentesque eget nunc donec quis orci eget orci vehicula condimentum,PENDIENTE,2019-02-16 19:17:53,ENABLED
319,474384124,4,vel sem sed sagittis nam congue risus semper porta volutpat quam pede lobortis ligula,PENDIENTE,2019-02-16 06:28:17,ENABLED
320,277886069,5,nunc viverra dapibus nulla suscipit ligula in lacus curabitur at ipsum ac tellus semper,EN PROCESO,2018-11-10 15:19:18,DELETED
321,847526654,6,semper interdum mauris ullamcorper purus sit amet nulla quisque arcu,RECHAZADA,2019-02-02 05:37:48,ENABLED
322,419693603,7,at nibh in hac habitasse platea dictumst aliquam augue quam sollicitudin,EN PROCESO,2019-04-29 09:10:46,DELETED
323,676194626,1,dolor quis odio consequat varius integer ac leo pellentesque ultrices mattis odio donec,PENDIENTE,2019-04-04 22:44:06,DELETED
324,93984885,2,sapien cursus vestibulum proin eu mi nulla ac enim in,EN PROCESO,2019-03-10 13:01:07,ENABLED
325,417246870,3,dictumst aliquam augue quam sollicitudin vitae consectetuer eget rutrum at lorem integer tincidunt,EXITOSO,2019-09-16 21:03:19,ENABLED
326,99207442,4,amet erat nulla tempus vivamus in felis eu sapien cursus,RECHAZADA,2019-05-15 18:27:50,ENABLED
327,156455080,5,pellentesque eget nunc donec quis orci eget orci vehicula condimentum curabitur,PENDIENTE,2019-04-01 23:29:32,ENABLED
328,505408722,6,vitae nisl aenean lectus pellentesque eget nunc donec quis orci eget orci,PENDIENTE,2018-11-04 05:58:00,DELETED
329,119224824,7,aenean sit amet justo morbi ut odio cras mi pede,PENDIENTE,2018-11-09 05:27:39,ENABLED
330,225543167,1,lacinia aenean sit amet justo morbi ut odio cras mi pede malesuada,PENDIENTE,2019-03-12 09:30:40,DELETED
331,104663800,2,odio justo sollicitudin ut suscipit a feugiat et eros vestibulum,RECHAZADA,2019-08-19 14:32:16,DELETED
332,728476036,3,libero quis orci nullam molestie nibh in lectus pellentesque at nulla suspendisse,EXITOSO,2019-03-19 21:22:25,DELETED
333,78506438,4,condimentum id luctus nec molestie sed justo pellentesque viverra pede ac diam,EN PROCESO,2019-06-17 05:28:06,DELETED
334,596074956,5,quis turpis sed ante vivamus tortor duis mattis egestas metus aenean fermentum donec ut,PENDIENTE,2018-12-15 23:19:53,ENABLED
335,45186172,6,mauris laoreet ut rhoncus aliquet pulvinar sed nisl nunc rhoncus dui vel,EN PROCESO,2019-10-01 19:26:27,DELETED
336,923147080,7,duis bibendum morbi non quam nec dui luctus rutrum nulla tellus in sagittis dui,EN PROCESO,2019-02-05 08:36:02,DELETED
337,994016555,1,egestas metus aenean fermentum donec ut mauris eget massa tempor,EXITOSO,2019-04-06 01:33:21,ENABLED
338,683882837,2,tortor risus dapibus augue vel accumsan tellus nisi eu orci mauris lacinia sapien quis,EN PROCESO,2018-11-14 20:34:02,DELETED
339,437879739,3,interdum in ante vestibulum ante ipsum primis in faucibus orci luctus et ultrices posuere cubilia,EXITOSO,2019-10-09 05:33:34,ENABLED
340,918462351,4,non mauris morbi non lectus aliquam sit amet diam in,RECHAZADA,2019-07-09 19:56:39,ENABLED
341,654843761,5,ornare consequat lectus in est risus auctor sed tristique in tempus sit amet sem fusce,EN PROCESO,2019-04-28 18:18:38,DELETED
342,810840163,6,ipsum primis in faucibus orci luctus et ultrices posuere cubilia curae nulla,EN PROCESO,2019-07-03 13:29:10,DELETED
343,419373173,7,luctus cum sociis natoque penatibus et magnis dis parturient montes nascetur ridiculus mus,EXITOSO,2019-03-09 02:45:18,ENABLED
344,386295421,1,orci pede venenatis non sodales sed tincidunt eu felis fusce posuere felis sed lacus,PENDIENTE,2019-05-12 05:28:54,DELETED
345,698122813,2,volutpat eleifend donec ut dolor morbi vel lectus in quam fringilla rhoncus mauris enim,EN PROCESO,2019-03-21 09:37:27,DELETED
346,351691985,3,libero non mattis pulvinar nulla pede ullamcorper augue a suscipit nulla elit ac,EN PROCESO,2019-04-09 14:09:18,DELETED
347,425510481,4,amet turpis elementum ligula vehicula consequat morbi a ipsum integer,EXITOSO,2019-05-28 08:58:33,ENABLED
348,307450244,5,quam suspendisse potenti nullam porttitor lacus at turpis donec posuere metus vitae ipsum,EN PROCESO,2019-03-19 15:25:33,ENABLED
349,919050041,6,donec ut dolor morbi vel lectus in quam fringilla rhoncus mauris enim leo rhoncus,PENDIENTE,2018-12-30 08:02:39,ENABLED
350,29520978,7,sapien quis libero nullam sit amet turpis elementum ligula vehicula consequat morbi,EXITOSO,2018-11-06 00:03:24,ENABLED
351,302089150,1,montes nascetur ridiculus mus vivamus vestibulum sagittis sapien cum sociis natoque,RECHAZADA,2019-02-08 21:52:41,ENABLED
352,249104258,2,vitae quam suspendisse potenti nullam porttitor lacus at turpis donec posuere metus vitae ipsum aliquam,RECHAZADA,2019-01-13 17:32:03,DELETED
353,993054786,3,ut nunc vestibulum ante ipsum primis in faucibus orci luctus et ultrices,PENDIENTE,2018-12-30 10:54:08,ENABLED
354,935894437,4,ante vestibulum ante ipsum primis in faucibus orci luctus et ultrices posuere cubilia curae duis,EN PROCESO,2019-02-05 08:41:41,DELETED
355,904942261,5,pretium quis lectus suspendisse potenti in eleifend quam a odio in,RECHAZADA,2019-10-06 12:59:58,ENABLED
356,731538362,6,non mauris morbi non lectus aliquam sit amet diam in magna bibendum imperdiet nullam orci,EN PROCESO,2019-06-25 12:59:12,DELETED
357,548531886,7,proin at turpis a pede posuere nonummy integer non velit donec diam,EXITOSO,2019-01-03 10:04:31,DELETED
358,515918035,1,nascetur ridiculus mus vivamus vestibulum sagittis sapien cum sociis natoque penatibus et,PENDIENTE,2019-05-27 09:39:48,DELETED
359,135854148,2,bibendum imperdiet nullam orci pede venenatis non sodales sed tincidunt eu felis fusce posuere felis,PENDIENTE,2018-10-26 14:52:39,DELETED
360,848508947,3,in imperdiet et commodo vulputate justo in blandit ultrices enim,RECHAZADA,2019-02-12 09:30:40,DELETED
361,677765191,4,nec dui luctus rutrum nulla tellus in sagittis dui vel nisl duis ac nibh fusce,RECHAZADA,2018-12-24 18:42:50,DELETED
362,699013685,5,pellentesque quisque porta volutpat erat quisque erat eros viverra eget,PENDIENTE,2019-03-15 21:23:18,DELETED
363,469789205,6,turpis enim blandit mi in porttitor pede justo eu massa donec,EN PROCESO,2019-06-14 07:41:22,DELETED
364,389157603,7,suspendisse ornare consequat lectus in est risus auctor sed tristique in tempus,EXITOSO,2019-08-07 12:20:11,ENABLED
365,180948940,1,pede morbi porttitor lorem id ligula suspendisse ornare consequat lectus in est risus,PENDIENTE,2019-08-22 19:13:35,ENABLED
366,944581431,2,maecenas pulvinar lobortis est phasellus sit amet erat nulla tempus,PENDIENTE,2019-02-05 17:10:43,ENABLED
367,924026397,3,lobortis sapien sapien non mi integer ac neque duis bibendum morbi non quam nec,RECHAZADA,2019-07-15 13:18:50,ENABLED
368,369274289,4,dictumst etiam faucibus cursus urna ut tellus nulla ut erat id mauris,RECHAZADA,2019-04-28 20:16:19,ENABLED
369,375156068,5,vehicula consequat morbi a ipsum integer a nibh in quis justo,EXITOSO,2019-07-21 13:11:45,ENABLED
370,742767993,6,nam dui proin leo odio porttitor id consequat in consequat ut nulla sed accumsan felis,EXITOSO,2018-12-26 17:50:12,DELETED
371,78864156,7,nulla neque libero convallis eget eleifend luctus ultricies eu nibh quisque id justo,RECHAZADA,2019-07-21 01:12:16,DELETED
372,370161686,1,eros viverra eget congue eget semper rutrum nulla nunc purus phasellus in,EXITOSO,2019-02-25 01:27:16,ENABLED
373,967370779,2,ut nulla sed accumsan felis ut at dolor quis odio consequat varius integer ac leo,RECHAZADA,2019-05-14 06:49:10,DELETED
374,66473031,3,erat fermentum justo nec condimentum neque sapien placerat ante nulla justo aliquam quis turpis,EN PROCESO,2019-03-05 23:01:48,ENABLED
375,462894506,4,duis bibendum felis sed interdum venenatis turpis enim blandit mi in porttitor pede justo,EXITOSO,2019-09-17 00:22:08,ENABLED
376,5323230,5,integer ac neque duis bibendum morbi non quam nec dui luctus rutrum nulla,RECHAZADA,2019-07-05 01:20:34,DELETED
377,349879110,6,lacus at turpis donec posuere metus vitae ipsum aliquam non,PENDIENTE,2019-04-05 17:16:46,ENABLED
378,502086544,7,varius nulla facilisi cras non velit nec nisi vulputate nonummy maecenas tincidunt lacus,EXITOSO,2019-08-27 19:35:28,DELETED
379,926439011,1,lacus at turpis donec posuere metus vitae ipsum aliquam non,PENDIENTE,2018-10-21 20:54:08,DELETED
380,573481968,2,quam turpis adipiscing lorem vitae mattis nibh ligula nec sem duis aliquam convallis nunc,EXITOSO,2019-08-22 03:18:02,ENABLED
381,520559365,3,ligula nec sem duis aliquam convallis nunc proin at turpis a,RECHAZADA,2019-02-27 13:40:26,ENABLED
382,717610335,4,non quam nec dui luctus rutrum nulla tellus in sagittis dui vel nisl duis ac,RECHAZADA,2019-02-23 05:11:11,DELETED
383,794495744,5,erat fermentum justo nec condimentum neque sapien placerat ante nulla,PENDIENTE,2019-06-07 17:36:26,ENABLED
384,75307663,6,cras in purus eu magna vulputate luctus cum sociis natoque penatibus et magnis dis parturient,PENDIENTE,2019-03-25 23:26:12,ENABLED
385,999300587,7,montes nascetur ridiculus mus etiam vel augue vestibulum rutrum rutrum neque,RECHAZADA,2019-08-07 06:32:49,DELETED
386,766612230,1,lacus morbi sem mauris laoreet ut rhoncus aliquet pulvinar sed nisl nunc rhoncus dui vel,EN PROCESO,2018-11-15 22:35:34,ENABLED
387,385026944,2,sit amet justo morbi ut odio cras mi pede malesuada in,RECHAZADA,2019-02-25 11:36:13,DELETED
388,626009176,3,ultrices posuere cubilia curae nulla dapibus dolor vel est donec,RECHAZADA,2019-01-31 13:25:28,ENABLED
389,404590222,4,pellentesque at nulla suspendisse potenti cras in purus eu magna vulputate luctus,PENDIENTE,2019-09-04 22:12:50,ENABLED
390,352647528,5,ante ipsum primis in faucibus orci luctus et ultrices posuere cubilia curae,RECHAZADA,2019-02-04 19:42:52,ENABLED
391,800379586,6,interdum in ante vestibulum ante ipsum primis in faucibus orci luctus et ultrices posuere cubilia,EN PROCESO,2018-11-20 02:22:54,DELETED
392,596443669,7,posuere nonummy integer non velit donec diam neque vestibulum eget vulputate,EN PROCESO,2019-04-02 15:24:33,ENABLED
393,571487850,1,gravida nisi at nibh in hac habitasse platea dictumst aliquam augue quam sollicitudin vitae,EN PROCESO,2018-12-21 16:11:01,DELETED
394,594896761,2,tempor convallis nulla neque libero convallis eget eleifend luctus ultricies eu,EN PROCESO,2019-09-24 02:27:39,ENABLED
395,914588489,3,hac habitasse platea dictumst morbi vestibulum velit id pretium iaculis diam erat,PENDIENTE,2019-02-01 02:04:43,DELETED
396,87424733,4,faucibus orci luctus et ultrices posuere cubilia curae donec pharetra magna vestibulum,RECHAZADA,2019-01-06 13:48:28,DELETED
397,537416121,5,sapien cum sociis natoque penatibus et magnis dis parturient montes nascetur,EN PROCESO,2019-07-22 19:34:00,ENABLED
398,217638666,6,eget tincidunt eget tempus vel pede morbi porttitor lorem id ligula,RECHAZADA,2019-01-02 22:01:34,DELETED
399,256188327,7,vestibulum ante ipsum primis in faucibus orci luctus et ultrices posuere cubilia curae,RECHAZADA,2019-05-18 05:44:35,DELETED
400,918387980,1,suspendisse potenti nullam porttitor lacus at turpis donec posuere metus vitae ipsum aliquam,RECHAZADA,2019-03-15 07:36:19,DELETED
401,157884822,2,et magnis dis parturient montes nascetur ridiculus mus vivamus vestibulum sagittis sapien,EXITOSO,2019-08-02 07:13:14,DELETED
402,138319757,3,massa volutpat convallis morbi odio odio elementum eu interdum eu tincidunt in leo maecenas,EN PROCESO,2019-03-08 01:16:32,ENABLED
403,940012816,4,nonummy maecenas tincidunt lacus at velit vivamus vel nulla eget eros elementum,PENDIENTE,2019-09-28 07:40:43,DELETED
404,203518082,5,etiam vel augue vestibulum rutrum rutrum neque aenean auctor gravida,EXITOSO,2019-09-01 11:09:39,ENABLED
405,711270488,6,primis in faucibus orci luctus et ultrices posuere cubilia curae donec pharetra,PENDIENTE,2018-12-08 00:18:36,DELETED
406,541263349,7,ipsum integer a nibh in quis justo maecenas rhoncus aliquam,RECHAZADA,2019-04-12 22:03:56,DELETED
407,14418831,1,justo aliquam quis turpis eget elit sodales scelerisque mauris sit amet eros suspendisse accumsan tortor,EN PROCESO,2019-03-15 13:10:22,ENABLED
408,807575111,2,sed lacus morbi sem mauris laoreet ut rhoncus aliquet pulvinar sed nisl nunc,PENDIENTE,2019-01-22 00:57:49,ENABLED
409,336493040,3,ligula nec sem duis aliquam convallis nunc proin at turpis a pede posuere nonummy,PENDIENTE,2019-03-18 09:30:19,ENABLED
410,392857931,4,orci luctus et ultrices posuere cubilia curae duis faucibus accumsan odio curabitur,RECHAZADA,2019-01-26 01:36:37,ENABLED
411,273968721,5,tincidunt nulla mollis molestie lorem quisque ut erat curabitur gravida,PENDIENTE,2019-03-06 10:20:24,DELETED
412,54496322,6,ut rhoncus aliquet pulvinar sed nisl nunc rhoncus dui vel sem,PENDIENTE,2018-10-24 16:46:36,ENABLED
413,129331360,7,sollicitudin mi sit amet lobortis sapien sapien non mi integer,EXITOSO,2019-06-03 11:57:23,ENABLED
414,345464672,1,ultrices posuere cubilia curae duis faucibus accumsan odio curabitur convallis duis consequat,PENDIENTE,2019-10-19 06:46:33,ENABLED
415,199956167,2,amet sem fusce consequat nulla nisl nunc nisl duis bibendum felis sed interdum,PENDIENTE,2019-07-16 11:03:46,ENABLED
416,882030220,3,id pretium iaculis diam erat fermentum justo nec condimentum neque,EXITOSO,2019-02-18 12:55:21,DELETED
417,112849074,4,maecenas leo odio condimentum id luctus nec molestie sed justo pellentesque viverra pede ac,EN PROCESO,2019-04-21 18:38:15,ENABLED
418,272869541,5,augue a suscipit nulla elit ac nulla sed vel enim sit amet nunc viverra,PENDIENTE,2019-08-23 12:27:28,ENABLED
419,719919924,6,sagittis dui vel nisl duis ac nibh fusce lacus purus,EXITOSO,2019-05-02 11:29:28,DELETED
420,998827959,7,sed lacus morbi sem mauris laoreet ut rhoncus aliquet pulvinar sed nisl nunc rhoncus dui,PENDIENTE,2019-02-19 09:14:58,ENABLED
421,319516527,1,orci nullam molestie nibh in lectus pellentesque at nulla suspendisse potenti cras in,EN PROCESO,2018-12-18 11:46:14,ENABLED
422,636847156,2,aliquet maecenas leo odio condimentum id luctus nec molestie sed,RECHAZADA,2019-02-04 01:54:33,ENABLED
423,851789162,3,suscipit nulla elit ac nulla sed vel enim sit amet,RECHAZADA,2019-02-12 15:31:50,DELETED
424,472642943,4,eu mi nulla ac enim in tempor turpis nec euismod scelerisque quam turpis adipiscing lorem,EN PROCESO,2019-08-22 00:50:33,ENABLED
425,345822352,5,nec euismod scelerisque quam turpis adipiscing lorem vitae mattis nibh ligula nec,RECHAZADA,2019-01-23 11:11:47,ENABLED
426,31024700,6,nullam sit amet turpis elementum ligula vehicula consequat morbi a ipsum integer a nibh in,EXITOSO,2019-07-15 10:36:30,DELETED
427,926304634,7,eget massa tempor convallis nulla neque libero convallis eget eleifend,PENDIENTE,2019-07-15 01:29:53,DELETED
428,106750471,1,cras in purus eu magna vulputate luctus cum sociis natoque,RECHAZADA,2019-09-07 18:23:38,ENABLED
429,974284618,2,tristique in tempus sit amet sem fusce consequat nulla nisl nunc,EN PROCESO,2019-03-24 08:26:03,ENABLED
430,998693514,3,molestie sed justo pellentesque viverra pede ac diam cras pellentesque,PENDIENTE,2018-11-18 21:08:48,DELETED
431,691032692,4,aliquam quis turpis eget elit sodales scelerisque mauris sit amet eros,EN PROCESO,2019-03-01 18:19:11,ENABLED
432,954577578,5,mattis nibh ligula nec sem duis aliquam convallis nunc proin at turpis a pede,RECHAZADA,2019-04-08 10:18:48,DELETED
433,163315501,6,porta volutpat erat quisque erat eros viverra eget congue eget semper rutrum nulla nunc,EN PROCESO,2019-09-21 10:00:05,ENABLED
434,575341123,7,vestibulum ante ipsum primis in faucibus orci luctus et ultrices posuere cubilia,RECHAZADA,2019-10-14 04:38:34,DELETED
435,205690158,1,consectetuer eget rutrum at lorem integer tincidunt ante vel ipsum praesent blandit lacinia erat,EXITOSO,2019-04-22 04:38:15,ENABLED
436,967906284,2,elementum eu interdum eu tincidunt in leo maecenas pulvinar lobortis est phasellus sit amet,PENDIENTE,2019-10-08 13:28:20,ENABLED
437,543717130,3,venenatis non sodales sed tincidunt eu felis fusce posuere felis sed lacus morbi,PENDIENTE,2019-01-29 11:46:02,ENABLED
438,336776760,4,molestie sed justo pellentesque viverra pede ac diam cras pellentesque,PENDIENTE,2018-12-16 18:16:43,DELETED
439,762801618,5,ipsum primis in faucibus orci luctus et ultrices posuere cubilia curae donec,EXITOSO,2019-07-23 13:17:00,ENABLED
440,86083671,6,mi nulla ac enim in tempor turpis nec euismod scelerisque quam turpis adipiscing,EXITOSO,2019-08-29 17:58:17,DELETED
441,743591030,7,odio cras mi pede malesuada in imperdiet et commodo vulputate justo,EN PROCESO,2019-04-19 10:32:53,ENABLED
442,304816192,1,quam nec dui luctus rutrum nulla tellus in sagittis dui vel,PENDIENTE,2019-07-05 16:08:14,ENABLED
443,147270580,2,suscipit a feugiat et eros vestibulum ac est lacinia nisi venenatis tristique fusce,RECHAZADA,2019-07-09 04:42:05,ENABLED
444,498022093,3,in eleifend quam a odio in hac habitasse platea dictumst,PENDIENTE,2019-07-24 01:08:29,DELETED
445,254664985,4,luctus rutrum nulla tellus in sagittis dui vel nisl duis ac nibh,EN PROCESO,2019-10-01 11:42:15,ENABLED
446,888835017,5,a suscipit nulla elit ac nulla sed vel enim sit amet nunc viverra dapibus,EXITOSO,2019-05-08 10:42:03,ENABLED
447,664178581,6,ipsum primis in faucibus orci luctus et ultrices posuere cubilia curae donec pharetra magna,PENDIENTE,2019-01-01 07:19:18,ENABLED
448,357686266,7,non quam nec dui luctus rutrum nulla tellus in sagittis,EN PROCESO,2019-02-17 10:33:29,DELETED
449,127839230,1,sapien non mi integer ac neque duis bibendum morbi non quam nec,EXITOSO,2019-09-17 01:57:58,ENABLED
450,763590439,2,cras non velit nec nisi vulputate nonummy maecenas tincidunt lacus at velit,EXITOSO,2019-04-08 15:15:53,ENABLED
451,146655742,3,sollicitudin ut suscipit a feugiat et eros vestibulum ac est lacinia nisi venenatis,PENDIENTE,2019-06-06 23:05:36,ENABLED
452,990713435,4,purus phasellus in felis donec semper sapien a libero nam dui proin leo,EN PROCESO,2019-01-13 13:26:41,ENABLED
453,334683624,5,ipsum integer a nibh in quis justo maecenas rhoncus aliquam lacus morbi quis tortor,RECHAZADA,2019-01-02 21:08:37,DELETED
454,595914370,6,erat curabitur gravida nisi at nibh in hac habitasse platea dictumst,PENDIENTE,2019-03-09 03:09:48,DELETED
455,322070054,7,a feugiat et eros vestibulum ac est lacinia nisi venenatis tristique fusce congue diam,EN PROCESO,2019-09-12 01:59:18,DELETED
456,905373869,1,lectus pellentesque at nulla suspendisse potenti cras in purus eu magna vulputate luctus cum sociis,EXITOSO,2019-08-02 12:55:13,DELETED
457,912546201,2,convallis eget eleifend luctus ultricies eu nibh quisque id justo sit amet sapien dignissim,EXITOSO,2018-12-17 09:29:23,DELETED
458,447046745,3,vitae ipsum aliquam non mauris morbi non lectus aliquam sit amet diam in magna,PENDIENTE,2019-01-27 18:35:41,DELETED
459,350730363,4,condimentum id luctus nec molestie sed justo pellentesque viverra pede ac diam cras pellentesque volutpat,PENDIENTE,2018-12-13 22:28:39,DELETED
460,447924011,5,cubilia curae mauris viverra diam vitae quam suspendisse potenti nullam porttitor lacus at turpis donec,EN PROCESO,2019-10-10 14:59:07,ENABLED
461,934083359,6,fringilla rhoncus mauris enim leo rhoncus sed vestibulum sit amet cursus id turpis integer aliquet,RECHAZADA,2019-08-23 22:18:43,ENABLED
462,868317131,7,ac est lacinia nisi venenatis tristique fusce congue diam id ornare,EN PROCESO,2019-04-22 09:24:47,ENABLED
463,958704798,1,mattis pulvinar nulla pede ullamcorper augue a suscipit nulla elit ac nulla sed,EN PROCESO,2019-05-03 19:38:07,DELETED
464,904550094,2,parturient montes nascetur ridiculus mus vivamus vestibulum sagittis sapien cum,EN PROCESO,2019-02-13 06:53:36,ENABLED
465,990562476,3,massa donec dapibus duis at velit eu est congue elementum in hac,EN PROCESO,2019-08-21 05:10:59,ENABLED
466,815285520,4,lacinia erat vestibulum sed magna at nunc commodo placerat praesent blandit nam nulla integer pede,EN PROCESO,2019-03-29 09:41:22,DELETED
467,866479848,5,vitae quam suspendisse potenti nullam porttitor lacus at turpis donec posuere metus vitae ipsum aliquam,RECHAZADA,2019-10-19 05:10:52,ENABLED
468,652738643,6,donec ut mauris eget massa tempor convallis nulla neque libero,RECHAZADA,2019-05-13 20:52:45,DELETED
469,125646504,7,et magnis dis parturient montes nascetur ridiculus mus etiam vel augue vestibulum rutrum,EN PROCESO,2019-04-12 09:01:55,ENABLED
470,91376907,1,orci eget orci vehicula condimentum curabitur in libero ut massa volutpat,EXITOSO,2019-04-21 03:15:10,DELETED
471,577051899,2,eget eleifend luctus ultricies eu nibh quisque id justo sit,PENDIENTE,2019-05-14 06:45:26,DELETED
472,28280499,3,nulla nunc purus phasellus in felis donec semper sapien a libero,EXITOSO,2019-03-08 17:09:05,ENABLED
473,373813311,4,ut blandit non interdum in ante vestibulum ante ipsum primis in faucibus orci luctus et,EN PROCESO,2019-05-27 06:33:13,ENABLED
474,843622771,5,id ligula suspendisse ornare consequat lectus in est risus auctor,EXITOSO,2019-08-29 06:37:51,DELETED
475,949561365,6,in libero ut massa volutpat convallis morbi odio odio elementum,RECHAZADA,2019-05-31 01:42:46,DELETED
476,860486675,7,nisi volutpat eleifend donec ut dolor morbi vel lectus in quam fringilla,EN PROCESO,2019-09-10 14:15:43,ENABLED
477,625893296,1,massa quis augue luctus tincidunt nulla mollis molestie lorem quisque ut,EXITOSO,2019-08-29 04:54:58,DELETED
478,955160823,2,aliquam lacus morbi quis tortor id nulla ultrices aliquet maecenas,RECHAZADA,2019-04-10 11:50:32,DELETED
479,841548450,3,odio in hac habitasse platea dictumst maecenas ut massa quis augue,PENDIENTE,2018-10-24 02:35:03,ENABLED
480,511160543,4,eleifend luctus ultricies eu nibh quisque id justo sit amet,EXITOSO,2019-07-21 03:35:40,DELETED
481,91033922,5,vivamus tortor duis mattis egestas metus aenean fermentum donec ut mauris eget massa tempor,RECHAZADA,2019-10-17 13:41:31,ENABLED
482,155165897,6,nulla ac enim in tempor turpis nec euismod scelerisque quam turpis,PENDIENTE,2019-09-27 13:22:58,ENABLED
483,665136919,7,nulla eget eros elementum pellentesque quisque porta volutpat erat quisque erat eros viverra eget congue,RECHAZADA,2019-07-06 11:06:30,ENABLED
484,356892149,1,auctor sed tristique in tempus sit amet sem fusce consequat,EN PROCESO,2019-05-07 23:35:03,DELETED
485,748874141,2,nullam molestie nibh in lectus pellentesque at nulla suspendisse potenti cras,RECHAZADA,2019-04-07 23:56:03,ENABLED
486,634182324,3,in blandit ultrices enim lorem ipsum dolor sit amet consectetuer,EN PROCESO,2019-08-06 14:21:47,ENABLED
487,726809138,4,lectus pellentesque eget nunc donec quis orci eget orci vehicula condimentum curabitur in libero ut,RECHAZADA,2019-07-04 14:09:47,DELETED
488,72862333,5,hendrerit at vulputate vitae nisl aenean lectus pellentesque eget nunc donec,PENDIENTE,2019-02-07 02:09:28,ENABLED
489,931296546,6,nulla tempus vivamus in felis eu sapien cursus vestibulum proin eu,PENDIENTE,2019-09-13 15:17:33,DELETED
490,644670241,7,at nunc commodo placerat praesent blandit nam nulla integer pede justo,RECHAZADA,2019-01-14 12:00:47,ENABLED
491,339385003,1,morbi vel lectus in quam fringilla rhoncus mauris enim leo rhoncus sed,PENDIENTE,2019-01-19 21:26:47,DELETED
492,806047864,2,luctus nec molestie sed justo pellentesque viverra pede ac diam cras pellentesque,RECHAZADA,2019-05-17 21:46:34,DELETED
493,862482812,3,ipsum primis in faucibus orci luctus et ultrices posuere cubilia curae,EXITOSO,2019-08-15 14:04:16,DELETED
494,932193006,4,mus etiam vel augue vestibulum rutrum rutrum neque aenean auctor gravida sem praesent id massa,EXITOSO,2019-09-27 04:19:58,DELETED
495,717653499,5,iaculis diam erat fermentum justo nec condimentum neque sapien placerat ante nulla,RECHAZADA,2019-07-18 04:59:55,ENABLED
496,699118697,6,laoreet ut rhoncus aliquet pulvinar sed nisl nunc rhoncus dui vel sem sed sagittis,EN PROCESO,2019-06-21 06:16:27,DELETED
497,526682018,7,in tempus sit amet sem fusce consequat nulla nisl nunc nisl duis bibendum,EN PROCESO,2019-10-16 11:10:49,DELETED
498,779371344,1,sapien sapien non mi integer ac neque duis bibendum morbi non quam nec dui,EXITOSO,2019-08-17 15:41:18,ENABLED
499,307748362,2,metus vitae ipsum aliquam non mauris morbi non lectus aliquam sit amet diam in magna,PENDIENTE,2019-06-16 06:19:38,ENABLED
500,419724152,3,arcu sed augue aliquam erat volutpat in congue etiam justo etiam pretium iaculis,EXITOSO,2019-06-18 21:17:58,ENABLED
