ID,MATCH_ID,BET_STATE,BET_MULTIPLIER_1,BET_MULTIPLIER_2,BET_MULTIPLIER_3,SOFT_DELETION
1,41,PEDIDO,91.68,74.34,10.82,DELETED
2,17,PERDIDA,33.28,79.0,28.02,ENABLED
3,19,RECHAZADO,22.25,59.47,60.78,ENABLED
4,12,RECHAZADO,35.62,62.0,7.06,DELETED
5,58,PERDIDA,95.61,22.47,72.7,ENABLED
6,18,PARTE-APROBADO,91.38,94.42,14.24,DELETED
7,72,CANCELADA,35.19,57.58,42.95,DELETED
8,33,PERDIDA,37.7,83.89,96.5,DELETED
9,4,ABIERTA,3.62,4.09,7.91,DELETED
10,30,VENDIDA,70.23,81.93,90.17,DELETED
11,3,RECHAZADO,64.91,89.21,9.04,ENABLED
12,27,PEDIDO,35.54,66.54,56.65,DELETED
13,75,ABIERTA,85.77,73.31,19.72,DELETED
14,20,PERDIDA,85.18,67.19,64.69,DELETED
15,100,CANCELADA,20.47,27.5,76.69,DELETED
16,29,VENDIDA,51.86,83.28,99.22,ENABLED
17,18,REEMBOLSADA,75.37,66.24,4.3,ENABLED
18,13,VENDIDA,39.16,59.26,1.11,ENABLED
19,48,REEMBOLSADA,12.82,23.24,72.32,DELETED
20,7,PEDIDO,56.34,50.16,64.32,DELETED
21,74,CANCELADA,8.12,66.38,19.64,ENABLED
22,54,PEDIDO,61.0,90.81,17.86,ENABLED
23,67,PEDIDO,9.07,39.06,54.68,DELETED
24,88,ABIERTA,44.05,44.59,60.19,DELETED
25,22,GANADA,19.62,40.42,77.91,ENABLED
26,50,PEDIDO,79.04,35.3,28.81,ENABLED
27,27,REEMBOLSADA,53.12,68.53,11.18,DELETED
28,93,INVALIDA,87.52,98.59,68.65,DELETED
29,12,ABIERTA,71.9,5.72,99.2,DELETED
30,9,PEDIDO,26.3,97.18,86.44,ENABLED
31,22,INVALIDA,22.5,46.05,18.94,ENABLED
32,45,RECHAZADO,77.88,79.8,86.5,ENABLED
33,95,VENDIDA,39.67,34.1,19.5,DELETED
34,64,REEMBOLSADA,81.11,85.25,96.38,ENABLED
35,28,PEDIDO,82.66,76.73,96.47,DELETED
36,82,VENDIDA,4.33,24.37,84.74,ENABLED
37,63,REEMBOLSADA,8.98,60.8,59.63,ENABLED
38,27,INVALIDA,13.22,16.32,94.36,ENABLED
39,68,PERDIDA,50.13,50.19,16.76,ENABLED
40,18,ABIERTA,77.35,6.52,60.01,ENABLED
41,82,INVALIDA,12.66,78.08,3.39,ENABLED
42,64,VENDIDA,89.86,42.69,86.62,ENABLED
43,10,VENDIDA,34.12,55.91,73.07,ENABLED
44,90,CANCELADA,63.67,46.99,19.17,ENABLED
45,96,VENDIDA,59.05,22.28,24.5,DELETED
46,38,GANADA,10.8,48.2,37.97,DELETED
47,50,GANADA,36.17,84.13,63.03,DELETED
48,98,RECHAZADO,83.68,91.14,55.49,DELETED
49,47,ABIERTA,10.87,68.62,8.09,DELETED
50,40,VENDIDA,88.17,27.7,84.78,ENABLED
51,35,GANADA,50.2,16.87,81.37,DELETED
52,78,ABIERTA,28.53,80.68,60.89,ENABLED
53,69,RECHAZADO,97.13,23.31,16.28,DELETED
54,12,VENDIDA,1.31,63.49,99.95,ENABLED
55,84,GANADA,78.06,53.68,91.87,ENABLED
56,25,PERDIDA,63.94,49.71,18.39,ENABLED
57,3,INVALIDA,94.53,30.72,19.89,DELETED
58,97,REEMBOLSADA,70.3,97.88,2.23,ENABLED
59,57,PERDIDA,17.03,18.35,27.03,DELETED
60,56,GANADA,15.13,31.67,99.44,DELETED
61,55,REEMBOLSADA,96.01,46.21,85.47,DELETED
62,19,RECHAZADO,23.87,64.39,38.12,DELETED
63,92,REEMBOLSADA,65.73,40.99,11.11,DELETED
64,99,REEMBOLSADA,8.6,64.85,34.81,DELETED
65,84,PARTE-APROBADO,26.84,62.1,8.08,DELETED
66,52,PERDIDA,82.45,11.39,32.89,ENABLED
67,51,CANCELADA,82.77,48.11,30.3,ENABLED
68,20,PERDIDA,5.15,21.48,63.28,DELETED
69,82,RECHAZADO,39.31,7.57,90.36,ENABLED
70,40,REEMBOLSADA,43.2,64.35,69.84,ENABLED
71,85,PARTE-APROBADO,36.22,59.34,76.18,ENABLED
72,45,GANADA,26.33,91.47,81.51,ENABLED
73,84,VENDIDA,70.83,4.36,55.46,DELETED
74,10,ABIERTA,62.69,35.87,76.08,ENABLED
75,52,PERDIDA,6.58,24.4,66.21,ENABLED
76,64,RECHAZADO,39.26,72.81,92.25,ENABLED
77,84,VENDIDA,64.18,97.14,23.55,DELETED
78,62,PARTE-APROBADO,92.97,35.57,27.05,DELETED
79,81,ABIERTA,74.4,30.16,80.52,DELETED
80,4,REEMBOLSADA,96.93,93.94,27.54,ENABLED
81,61,REEMBOLSADA,97.85,45.74,55.51,DELETED
82,83,REEMBOLSADA,21.16,16.97,38.67,DELETED
83,43,PEDIDO,97.59,70.1,8.34,DELETED
84,40,RECHAZADO,50.67,93.73,76.37,DELETED
85,89,CANCELADA,78.76,38.26,67.6,ENABLED
86,22,REEMBOLSADA,44.74,83.33,74.99,DELETED
87,5,PEDIDO,95.13,92.15,68.66,ENABLED
88,66,RECHAZADO,44.09,26.07,32.51,DELETED
89,75,PARTE-APROBADO,98.91,52.75,77.87,ENABLED
90,62,GANADA,10.69,63.24,99.52,ENABLED
91,11,RECHAZADO,94.29,87.46,28.58,DELETED
92,72,PERDIDA,37.18,70.35,30.63,DELETED
93,81,REEMBOLSADA,22.63,85.11,46.5,DELETED
94,46,RECHAZADO,42.4,34.18,87.8,ENABLED
95,38,GANADA,70.13,70.96,20.59,DELETED
96,82,PERDIDA,82.23,78.53,49.4,ENABLED
97,31,RECHAZADO,7.68,74.39,72.46,DELETED
98,39,ABIERTA,28.91,87.39,52.52,DELETED
99,32,INVALIDA,70.17,38.05,86.33,ENABLED
100,79,PEDIDO,78.07,94.93,46.23,DELETED
101,52,ABIERTA,80.9,33.97,46.84,ENABLED
102,8,RECHAZADO,4.02,48.1,40.72,ENABLED
103,67,PARTE-APROBADO,72.4,19.99,46.03,DELETED
104,100,REEMBOLSADA,85.01,58.05,78.69,DELETED
105,59,ABIERTA,36.8,25.41,31.85,DELETED
106,6,PEDIDO,40.93,7.16,6.43,DELETED
107,52,CANCELADA,82.95,63.0,92.19,DELETED
108,64,CANCELADA,93.45,66.55,24.11,DELETED
109,36,GANADA,89.1,80.72,29.67,ENABLED
110,55,INVALIDA,35.93,95.27,44.46,ENABLED
111,27,ABIERTA,83.85,38.72,10.45,ENABLED
112,73,PEDIDO,91.75,72.58,20.66,ENABLED
113,6,ABIERTA,91.35,6.89,40.35,DELETED
114,42,VENDIDA,22.65,52.79,76.12,DELETED
115,49,ABIERTA,79.34,60.32,29.24,DELETED
116,22,VENDIDA,95.18,4.05,76.69,ENABLED
117,9,VENDIDA,35.45,89.96,52.12,ENABLED
118,42,INVALIDA,39.09,7.25,63.92,DELETED
119,46,CANCELADA,93.87,1.09,6.56,DELETED
120,20,VENDIDA,72.64,46.56,32.46,DELETED
121,63,CANCELADA,26.21,2.91,96.25,ENABLED
122,45,RECHAZADO,70.83,1.22,11.37,DELETED
123,72,PERDIDA,75.74,81.47,52.48,DELETED
124,64,PEDIDO,36.05,33.82,88.27,DELETED
125,17,REEMBOLSADA,55.03,10.74,30.99,ENABLED
126,40,CANCELADA,34.12,88.15,72.76,DELETED
127,15,INVALIDA,62.78,84.02,50.88,ENABLED
128,78,ABIERTA,35.62,91.86,90.66,ENABLED
129,13,ABIERTA,27.52,95.01,18.95,DELETED
130,21,REEMBOLSADA,24.79,2.21,7.89,ENABLED
131,94,REEMBOLSADA,45.84,1.62,96.01,ENABLED
132,96,ABIERTA,36.28,94.37,32.2,ENABLED
133,16,VENDIDA,24.18,69.32,27.84,ENABLED
134,20,CANCELADA,12.58,52.74,27.99,DELETED
135,24,REEMBOLSADA,71.25,68.79,97.63,ENABLED
136,23,ABIERTA,96.91,21.27,34.96,DELETED
137,26,INVALIDA,55.96,86.76,96.21,DELETED
138,11,GANADA,21.32,72.22,75.39,ENABLED
139,87,PARTE-APROBADO,26.4,34.01,42.66,DELETED
140,97,ABIERTA,84.37,64.83,26.14,DELETED
141,35,ABIERTA,92.64,83.09,2.64,ENABLED
142,97,PERDIDA,89.45,25.97,31.92,ENABLED
143,26,RECHAZADO,96.39,90.03,57.55,ENABLED
144,100,ABIERTA,33.88,34.04,4.28,ENABLED
145,61,VENDIDA,50.34,62.85,3.27,DELETED
146,76,VENDIDA,61.66,12.1,37.38,DELETED
147,39,PARTE-APROBADO,29.1,60.73,6.96,ENABLED
148,10,PERDIDA,72.05,98.9,80.8,DELETED
149,59,REEMBOLSADA,97.74,45.7,80.53,ENABLED
150,32,INVALIDA,67.79,85.08,15.19,ENABLED
151,45,RECHAZADO,53.73,49.08,28.94,ENABLED
152,8,VENDIDA,49.77,22.99,4.89,ENABLED
153,36,PARTE-APROBADO,87.01,16.06,3.45,ENABLED
154,3,PARTE-APROBADO,90.76,3.38,30.45,ENABLED
155,59,CANCELADA,7.42,27.81,67.27,DELETED
156,66,PARTE-APROBADO,61.99,77.3,76.03,DELETED
157,9,ABIERTA,54.67,92.16,65.74,ENABLED
158,99,PARTE-APROBADO,52.11,39.69,89.97,ENABLED
159,70,CANCELADA,59.16,53.64,54.03,DELETED
160,90,REEMBOLSADA,5.71,80.38,97.99,ENABLED
161,40,INVALIDA,78.32,16.79,67.18,DELETED
162,4,PERDIDA,80.47,98.09,68.83,DELETED
163,52,RECHAZADO,53.7,91.23,99.88,ENABLED
164,42,ABIERTA,47.93,13.44,25.79,ENABLED
165,11,GANADA,73.06,21.31,12.5,DELETED
166,27,PEDIDO,92.22,34.6,85.18,ENABLED
167,51,PERDIDA,51.56,48.28,69.33,ENABLED
168,75,PERDIDA,22.27,83.15,39.15,DELETED
169,96,GANADA,50.44,56.09,65.88,ENABLED
170,85,PERDIDA,98.09,55.22,91.22,ENABLED
171,99,ABIERTA,98.66,82.77,17.72,ENABLED
172,69,GANADA,1.48,8.08,95.96,DELETED
173,13,PEDIDO,91.6,6.98,96.18,ENABLED
174,2,GANADA,48.32,85.2,77.48,DELETED
175,52,ABIERTA,59.54,17.25,39.16,DELETED
176,1,PERDIDA,4.38,87.55,66.52,DELETED
177,19,ABIERTA,54.96,61.3,75.35,ENABLED
178,24,PARTE-APROBADO,17.68,55.06,40.58,ENABLED
179,86,RECHAZADO,9.06,28.21,53.51,DELETED
180,70,PERDIDA,55.3,73.58,54.75,ENABLED
181,79,ABIERTA,76.77,51.46,54.39,DELETED
182,88,CANCELADA,90.51,20.66,90.21,ENABLED
183,28,INVALIDA,43.11,83.53,16.28,ENABLED
184,52,PEDIDO,7.94,84.74,33.21,DELETED
185,90,REEMBOLSADA,78.55,11.05,29.46,DELETED
186,86,REEMBOLSADA,91.84,30.73,72.83,DELETED
187,47,PEDIDO,35.71,29.55,60.37,ENABLED
188,2,INVALIDA,47.17,81.97,53.51,ENABLED
189,74,GANADA,61.45,93.59,62.56,ENABLED
190,2,VENDIDA,14.25,61.85,42.17,ENABLED
191,22,GANADA,98.72,47.94,79.75,DELETED
192,55,INVALIDA,94.55,94.42,78.84,DELETED
193,61,VENDIDA,32.76,12.44,15.86,ENABLED
194,52,PARTE-APROBADO,5.67,26.44,49.73,DELETED
195,26,PEDIDO,79.9,86.23,54.89,DELETED
196,43,PERDIDA,72.15,38.72,65.14,ENABLED
197,55,REEMBOLSADA,80.13,54.02,23.4,DELETED
198,37,PERDIDA,92.0,88.36,41.11,ENABLED
199,83,PEDIDO,28.8,70.81,85.36,ENABLED
200,84,CANCELADA,93.41,17.18,43.37,ENABLED
201,45,VENDIDA,8.26,63.64,58.18,DELETED
202,95,REEMBOLSADA,95.85,63.75,72.42,ENABLED
203,56,INVALIDA,77.12,78.58,99.18,DELETED
204,6,PARTE-APROBADO,74.3,23.21,86.31,DELETED
205,38,GANADA,79.71,24.29,59.11,DELETED
206,29,RECHAZADO,38.42,64.98,4.01,DELETED
207,62,REEMBOLSADA,93.12,60.83,47.18,ENABLED
208,6,PARTE-APROBADO,78.76,35.83,59.98,ENABLED
209,54,PEDIDO,65.69,47.76,97.26,DELETED
210,91,VENDIDA,40.17,46.9,63.35,DELETED
211,14,PEDIDO,78.23,46.22,70.21,DELETED
212,2,RECHAZADO,98.83,81.24,94.53,ENABLED
213,58,VENDIDA,68.48,51.0,3.43,ENABLED
214,74,PERDIDA,80.11,45.78,88.07,DELETED
215,58,PEDIDO,59.25,39.1,91.22,ENABLED
216,82,CANCELADA,51.9,24.57,53.21,ENABLED
217,72,PEDIDO,92.28,86.95,43.28,ENABLED
218,24,CANCELADA,30.91,85.26,9.85,ENABLED
219,5,INVALIDA,32.6,30.75,3.62,DELETED
220,27,RECHAZADO,89.31,5.81,94.59,ENABLED
221,57,PERDIDA,26.58,32.23,70.62,ENABLED
222,50,PEDIDO,96.31,45.48,14.25,ENABLED
223,38,VENDIDA,50.04,40.28,36.93,ENABLED
224,85,REEMBOLSADA,25.51,62.72,71.74,DELETED
225,88,ABIERTA,35.56,39.62,57.48,DELETED
226,22,RECHAZADO,36.51,45.31,32.23,DELETED
227,29,PARTE-APROBADO,23.82,93.82,70.62,ENABLED
228,100,ABIERTA,47.77,26.45,89.38,DELETED
229,53,PEDIDO,56.62,1.02,96.04,DELETED
230,99,PEDIDO,72.36,62.37,92.72,DELETED
231,46,VENDIDA,21.5,67.06,74.42,ENABLED
232,81,GANADA,37.75,56.0,23.14,ENABLED
233,87,CANCELADA,51.31,3.7,56.03,ENABLED
234,64,INVALIDA,22.05,13.07,44.81,ENABLED
235,96,ABIERTA,72.54,17.04,30.74,DELETED
236,10,PERDIDA,49.1,7.41,46.31,ENABLED
237,95,INVALIDA,55.62,70.21,5.88,ENABLED
238,58,REEMBOLSADA,33.3,25.27,55.6,ENABLED
239,21,PEDIDO,54.74,10.18,87.24,ENABLED
240,69,INVALIDA,30.53,89.94,29.03,ENABLED
241,10,PEDIDO,98.67,85.87,49.55,DELETED
242,4,ABIERTA,33.72,9.75,18.71,DELETED
243,83,PEDIDO,63.37,63.24,21.69,ENABLED
244,71,CANCELADA,35.63,46.82,29.99,ENABLED
245,79,REEMBOLSADA,17.94,79.0,96.22,DELETED
246,71,INVALIDA,47.05,2.92,57.28,DELETED
247,11,ABIERTA,32.98,84.88,69.94,DELETED
248,43,INVALIDA,74.73,45.19,14.71,DELETED
249,4,PARTE-APROBADO,31.31,28.55,90.53,DELETED
250,36,RECHAZADO,74.73,47.49,99.7,DELETED
251,20,PARTE-APROBADO,48.66,62.57,23.15,ENABLED
252,64,ABIERTA,50.83,15.76,53.77,DELETED
253,14,PEDIDO,82.38,82.2,3.88,ENABLED
254,50,ABIERTA,88.15,3.63,58.75,DELETED
255,63,RECHAZADO,80.33,14.45,15.21,DELETED
256,50,ABIERTA,3.99,5.76,19.36,ENABLED
257,80,PARTE-APROBADO,56.54,89.84,8.77,DELETED
258,48,RECHAZADO,41.4,37.72,28.94,DELETED
259,90,ABIERTA,3.4,43.73,50.05,ENABLED
260,89,GANADA,73.45,46.7,42.01,DELETED
261,62,REEMBOLSADA,11.84,26.97,22.91,ENABLED
262,83,INVALIDA,57.48,74.26,18.61,DELETED
263,31,VENDIDA,2.55,22.57,62.22,DELETED
264,64,PEDIDO,77.9,13.63,81.92,ENABLED
265,75,CANCELADA,95.85,24.88,61.41,DELETED
266,47,ABIERTA,50.58,1.77,83.53,DELETED
267,82,VENDIDA,78.61,51.98,21.2,ENABLED
268,96,RECHAZADO,32.93,96.51,69.2,DELETED
269,39,INVALIDA,20.75,52.98,69.33,DELETED
270,51,REEMBOLSADA,19.82,40.09,22.55,DELETED
271,15,ABIERTA,21.5,43.1,11.15,ENABLED
272,36,PEDIDO,50.61,81.58,50.54,ENABLED
273,80,INVALIDA,43.81,35.76,64.77,DELETED
274,47,VENDIDA,54.41,89.7,59.86,ENABLED
275,73,PERDIDA,8.18,80.06,63.36,ENABLED
276,19,PERDIDA,55.28,76.47,13.45,DELETED
277,98,GANADA,81.22,24.26,11.95,DELETED
278,41,INVALIDA,12.8,9.9,54.65,DELETED
279,41,VENDIDA,65.15,63.41,4.23,ENABLED
280,93,RECHAZADO,46.29,92.73,75.84,ENABLED
281,4,GANADA,27.98,42.47,55.91,DELETED
282,27,INVALIDA,30.38,75.65,5.05,ENABLED
283,68,INVALIDA,33.87,61.99,38.12,ENABLED
284,83,REEMBOLSADA,33.45,10.88,36.39,ENABLED
285,61,ABIERTA,23.38,66.81,56.9,DELETED
286,32,CANCELADA,24.98,26.62,15.7,DELETED
287,84,INVALIDA,72.12,33.24,98.63,ENABLED
288,70,RECHAZADO,44.77,80.94,52.82,ENABLED
289,46,INVALIDA,28.53,50.7,56.03,ENABLED
290,74,REEMBOLSADA,2.18,69.58,99.01,DELETED
291,61,INVALIDA,46.05,71.51,43.2,ENABLED
292,51,CANCELADA,14.97,18.64,52.55,DELETED
293,87,VENDIDA,84.95,47.43,17.56,ENABLED
294,85,REEMBOLSADA,26.0,40.29,93.68,ENABLED
295,68,REEMBOLSADA,79.73,58.64,71.12,ENABLED
296,84,CANCELADA,45.39,83.01,78.1,ENABLED
297,12,CANCELADA,85.19,89.46,26.54,ENABLED
298,65,ABIERTA,40.69,68.57,23.05,DELETED
299,46,VENDIDA,30.19,83.47,4.43,DELETED
300,63,GANADA,57.39,55.28,82.07,ENABLED
301,54,PERDIDA,89.73,4.89,63.06,DELETED
302,35,ABIERTA,59.47,88.25,84.31,ENABLED
303,13,CANCELADA,90.57,24.76,46.68,ENABLED
304,86,PEDIDO,73.65,46.34,66.2,ENABLED
305,96,PARTE-APROBADO,35.08,81.77,25.04,ENABLED
306,65,PEDIDO,3.43,5.71,46.88,DELETED
307,87,REEMBOLSADA,63.22,2.06,43.0,ENABLED
308,38,RECHAZADO,83.61,99.33,1.73,DELETED
309,79,CANCELADA,17.54,1.57,12.95,DELETED
310,40,INVALIDA,62.97,7.19,95.21,DELETED
311,21,PERDIDA,8.13,93.24,91.67,ENABLED
312,47,ABIERTA,57.7,83.43,53.58,ENABLED
313,84,PARTE-APROBADO,93.86,20.79,30.17,DELETED
314,53,RECHAZADO,23.75,18.76,82.15,ENABLED
315,51,PEDIDO,57.89,74.15,28.68,DELETED
316,67,INVALIDA,24.62,91.79,35.9,ENABLED
317,26,ABIERTA,92.08,83.94,69.7,ENABLED
318,78,PERDIDA,51.4,46.65,67.2,ENABLED
319,9,REEMBOLSADA,94.34,80.56,13.94,ENABLED
320,92,CANCELADA,23.23,18.57,19.32,DELETED
321,20,INVALIDA,22.26,90.44,41.78,ENABLED
322,18,INVALIDA,57.29,87.04,94.13,ENABLED
323,86,CANCELADA,70.97,17.12,44.89,ENABLED
324,14,ABIERTA,30.5,61.39,70.5,DELETED
325,74,REEMBOLSADA,13.67,33.51,88.32,DELETED
326,56,PEDIDO,20.37,89.64,89.66,ENABLED
327,21,VENDIDA,25.24,82.55,76.11,DELETED
328,53,CANCELADA,27.87,30.58,92.18,DELETED
329,90,INVALIDA,39.33,91.4,27.62,DELETED
330,33,CANCELADA,6.55,93.34,51.3,ENABLED
331,20,ABIERTA,57.2,49.18,65.21,ENABLED
332,84,ABIERTA,97.48,31.98,33.25,ENABLED
333,97,REEMBOLSADA,12.88,85.57,73.49,DELETED
334,85,REEMBOLSADA,92.05,81.61,3.85,DELETED
335,28,PEDIDO,15.21,80.36,95.24,ENABLED
336,53,RECHAZADO,63.71,78.1,30.59,ENABLED
337,36,GANADA,59.26,72.9,89.47,DELETED
338,29,PARTE-APROBADO,78.32,14.38,96.58,ENABLED
339,52,RECHAZADO,49.77,82.27,13.34,ENABLED
340,68,PERDIDA,79.24,85.26,35.29,ENABLED
341,4,RECHAZADO,63.85,31.46,42.9,ENABLED
342,82,ABIERTA,25.89,94.89,41.75,ENABLED
343,65,INVALIDA,21.24,70.04,98.83,ENABLED
344,42,PARTE-APROBADO,71.91,75.06,5.32,DELETED
345,95,INVALIDA,18.79,94.44,54.99,DELETED
346,14,VENDIDA,64.46,84.0,67.9,ENABLED
347,93,INVALIDA,86.51,8.02,66.35,ENABLED
348,17,VENDIDA,78.07,1.02,32.85,ENABLED
349,89,INVALIDA,13.87,85.58,65.04,ENABLED
350,8,REEMBOLSADA,1.69,77.54,48.25,DELETED
351,99,RECHAZADO,36.66,75.23,90.13,ENABLED
352,65,REEMBOLSADA,57.29,7.33,12.27,ENABLED
353,92,INVALIDA,80.5,85.62,81.77,DELETED
354,37,RECHAZADO,45.65,74.86,77.16,DELETED
355,57,REEMBOLSADA,82.86,68.88,75.02,DELETED
356,42,REEMBOLSADA,76.85,90.86,97.89,ENABLED
357,30,CANCELADA,27.21,15.46,81.66,ENABLED
358,67,ABIERTA,72.63,44.55,94.51,DELETED
359,32,REEMBOLSADA,42.92,34.65,83.94,DELETED
360,88,RECHAZADO,82.18,41.35,52.73,DELETED
361,92,ABIERTA,7.76,98.48,33.55,ENABLED
362,35,PARTE-APROBADO,1.38,77.55,31.87,ENABLED
363,97,PERDIDA,78.89,52.83,4.29,ENABLED
364,21,INVALIDA,54.35,76.58,51.21,DELETED
365,78,RECHAZADO,17.56,66.95,97.22,ENABLED
366,28,ABIERTA,50.3,92.55,51.64,DELETED
367,67,REEMBOLSADA,74.73,28.31,65.47,DELETED
368,97,PERDIDA,51.86,77.68,29.24,ENABLED
369,40,RECHAZADO,50.19,25.09,14.78,DELETED
370,66,CANCELADA,68.68,35.95,36.27,DELETED
371,26,PERDIDA,37.23,68.92,46.82,DELETED
372,13,CANCELADA,4.47,31.43,86.64,ENABLED
373,81,PERDIDA,72.88,61.44,61.01,DELETED
374,34,INVALIDA,36.01,16.54,47.07,ENABLED
375,69,RECHAZADO,14.44,18.54,60.17,ENABLED
376,8,GANADA,15.39,17.05,77.15,ENABLED
377,99,PEDIDO,81.32,64.13,42.64,DELETED
378,3,VENDIDA,89.05,59.85,2.95,ENABLED
379,71,ABIERTA,92.17,15.79,27.02,DELETED
380,27,PEDIDO,89.94,34.0,51.44,DELETED
381,84,VENDIDA,88.73,43.81,13.0,ENABLED
382,51,CANCELADA,16.9,97.72,89.83,ENABLED
383,37,INVALIDA,23.99,77.13,41.15,DELETED
384,68,ABIERTA,88.7,12.73,17.13,ENABLED
385,27,GANADA,13.27,5.99,99.95,ENABLED
386,98,PERDIDA,98.94,2.56,93.98,DELETED
387,74,ABIERTA,66.52,30.06,50.29,ENABLED
388,67,PERDIDA,89.06,84.6,69.5,ENABLED
389,32,VENDIDA,98.1,40.56,2.0,DELETED
390,28,PEDIDO,36.49,8.85,95.52,ENABLED
391,62,CANCELADA,91.6,63.01,43.23,DELETED
392,26,PERDIDA,65.03,23.46,61.39,ENABLED
393,20,PARTE-APROBADO,54.72,98.76,23.58,ENABLED
394,71,INVALIDA,41.57,37.04,2.5,ENABLED
395,69,ABIERTA,8.73,41.22,95.22,ENABLED
396,80,PERDIDA,33.36,57.83,56.14,DELETED
397,15,INVALIDA,93.76,86.72,81.9,DELETED
398,82,GANADA,8.47,85.16,11.6,ENABLED
399,27,PERDIDA,42.35,71.7,60.11,DELETED
400,20,VENDIDA,58.2,45.1,30.54,ENABLED
401,21,RECHAZADO,54.05,34.69,2.92,ENABLED
402,18,PERDIDA,67.04,79.95,47.01,ENABLED
403,57,ABIERTA,4.22,13.66,96.98,DELETED
404,42,RECHAZADO,81.51,98.63,74.16,DELETED
405,68,ABIERTA,97.54,82.11,99.66,ENABLED
406,41,ABIERTA,90.64,30.81,20.54,ENABLED
407,81,REEMBOLSADA,19.67,59.83,80.72,ENABLED
408,58,VENDIDA,14.36,63.69,29.86,ENABLED
409,85,PEDIDO,27.79,30.46,70.99,ENABLED
410,33,RECHAZADO,55.97,62.97,75.98,DELETED
411,67,ABIERTA,88.65,73.09,77.79,ENABLED
412,50,INVALIDA,60.38,47.38,31.29,ENABLED
413,80,GANADA,21.04,82.1,78.92,DELETED
414,33,RECHAZADO,24.32,23.72,60.77,ENABLED
415,88,PARTE-APROBADO,50.68,28.77,1.05,DELETED
416,53,RECHAZADO,8.63,38.88,14.17,DELETED
417,79,INVALIDA,79.36,98.91,47.21,ENABLED
418,15,PERDIDA,86.16,97.97,17.27,DELETED
419,87,REEMBOLSADA,51.75,2.27,20.95,ENABLED
420,80,RECHAZADO,12.13,49.49,63.02,ENABLED
421,81,GANADA,64.1,88.94,92.63,ENABLED
422,80,REEMBOLSADA,47.13,75.32,2.53,ENABLED
423,79,VENDIDA,58.62,58.33,50.28,ENABLED
424,75,PARTE-APROBADO,6.66,90.23,70.49,DELETED
425,12,REEMBOLSADA,85.67,85.9,54.04,ENABLED
426,15,VENDIDA,77.55,73.6,15.37,DELETED
427,89,PEDIDO,51.94,64.99,58.11,ENABLED
428,19,INVALIDA,4.86,76.48,41.4,DELETED
429,77,PEDIDO,56.15,29.64,46.05,ENABLED
430,19,PEDIDO,89.63,92.3,6.33,DELETED
431,89,CANCELADA,36.23,71.48,25.65,ENABLED
432,28,VENDIDA,69.85,24.68,73.75,DELETED
433,2,RECHAZADO,43.07,89.17,36.15,DELETED
434,14,RECHAZADO,17.1,53.73,91.78,DELETED
435,54,INVALIDA,16.8,80.07,66.07,ENABLED
436,25,INVALIDA,49.65,53.12,39.59,DELETED
437,93,INVALIDA,78.42,30.96,66.64,DELETED
438,58,RECHAZADO,55.99,67.45,15.77,ENABLED
439,62,PERDIDA,64.26,23.49,53.33,ENABLED
440,74,CANCELADA,9.77,19.4,16.57,DELETED
441,87,PEDIDO,56.09,28.85,41.77,ENABLED
442,31,PARTE-APROBADO,75.73,69.6,32.19,DELETED
443,48,CANCELADA,77.8,49.45,2.94,ENABLED
444,91,CANCELADA,5.87,27.16,22.38,DELETED
445,4,RECHAZADO,82.03,8.46,88.36,ENABLED
446,76,CANCELADA,67.77,79.71,41.63,ENABLED
447,75,REEMBOLSADA,29.12,12.65,25.75,DELETED
448,34,ABIERTA,36.05,38.91,8.96,DELETED
449,67,PARTE-APROBADO,28.83,97.85,65.42,DELETED
450,88,INVALIDA,71.73,5.62,22.85,DELETED
451,75,PEDIDO,30.15,63.2,22.85,DELETED
452,74,PARTE-APROBADO,59.15,36.76,72.5,ENABLED
453,46,PARTE-APROBADO,20.61,58.9,26.51,DELETED
454,72,CANCELADA,96.98,68.27,2.87,ENABLED
455,50,INVALIDA,7.59,59.0,99.4,ENABLED
456,96,PERDIDA,85.62,35.79,96.48,ENABLED
457,23,PARTE-APROBADO,40.72,18.98,10.02,DELETED
458,64,PEDIDO,23.53,62.14,58.25,DELETED
459,11,CANCELADA,81.83,5.41,40.4,ENABLED
460,16,GANADA,20.19,78.0,23.28,DELETED
461,53,PERDIDA,99.83,23.69,41.68,DELETED
462,12,CANCELADA,30.47,17.5,22.09,ENABLED
463,53,ABIERTA,63.57,5.43,14.93,DELETED
464,51,REEMBOLSADA,23.01,15.26,85.01,ENABLED
465,60,VENDIDA,73.72,96.16,42.58,ENABLED
466,43,PEDIDO,36.15,14.41,35.35,DELETED
467,55,CANCELADA,11.62,51.96,99.04,DELETED
468,17,PEDIDO,77.89,91.85,33.04,DELETED
469,52,PEDIDO,24.94,11.82,25.14,ENABLED
470,21,INVALIDA,68.51,26.83,5.69,DELETED
471,88,REEMBOLSADA,46.37,81.53,45.88,DELETED
472,53,ABIERTA,85.17,73.41,52.07,DELETED
473,34,VENDIDA,50.93,52.55,76.12,ENABLED
474,10,PEDIDO,9.08,44.09,2.23,ENABLED
475,15,INVALIDA,27.34,49.68,68.47,ENABLED
476,82,RECHAZADO,76.27,49.85,5.57,DELETED
477,69,REEMBOLSADA,48.14,42.81,21.96,ENABLED
478,22,INVALIDA,86.41,46.26,95.03,ENABLED
479,80,PEDIDO,56.2,21.76,12.06,ENABLED
480,43,PERDIDA,32.88,86.66,24.86,ENABLED
481,81,CANCELADA,6.46,95.73,67.48,DELETED
482,97,RECHAZADO,97.93,9.7,26.85,DELETED
483,13,INVALIDA,25.64,11.98,78.05,ENABLED
484,68,GANADA,1.7,98.44,3.95,ENABLED
485,17,PEDIDO,75.86,48.49,78.49,DELETED
486,57,CANCELADA,67.23,39.87,81.91,ENABLED
487,19,RECHAZADO,59.0,92.0,12.77,ENABLED
488,19,CANCELADA,26.68,33.73,6.21,ENABLED
489,9,VENDIDA,84.35,11.59,84.35,ENABLED
490,14,PEDIDO,35.16,36.3,53.85,ENABLED
491,93,RECHAZADO,24.66,16.9,96.9,ENABLED
492,46,PARTE-APROBADO,81.32,94.39,75.26,ENABLED
493,80,GANADA,35.03,95.96,60.89,DELETED
494,41,GANADA,60.87,49.8,31.36,ENABLED
495,18,VENDIDA,84.16,19.58,42.46,ENABLED
496,95,VENDIDA,67.73,21.34,83.76,ENABLED
497,70,PERDIDA,72.91,41.14,79.12,DELETED
498,41,INVALIDA,43.93,37.49,95.24,ENABLED
499,1,PEDIDO,45.5,12.78,60.38,ENABLED
500,32,RECHAZADO,93.82,96.56,56.22,ENABLED
501,32,PEDIDO,25.12,22.95,50.18,ENABLED
502,73,VENDIDA,10.56,14.33,36.77,ENABLED
503,79,CANCELADA,59.52,12.9,56.73,DELETED
504,37,PEDIDO,70.86,39.38,28.7,DELETED
505,4,PERDIDA,21.07,61.8,23.84,ENABLED
506,44,INVALIDA,80.79,65.36,6.11,ENABLED
507,68,PERDIDA,51.26,64.6,65.12,ENABLED
508,62,PARTE-APROBADO,88.86,44.46,30.04,DELETED
509,50,PARTE-APROBADO,71.07,16.24,26.69,ENABLED
510,94,PARTE-APROBADO,96.2,62.69,44.02,DELETED
511,5,PEDIDO,58.64,76.13,80.88,ENABLED
512,80,RECHAZADO,80.32,95.28,41.45,ENABLED
513,35,CANCELADA,8.8,98.69,34.7,DELETED
514,68,RECHAZADO,76.87,50.83,14.24,DELETED
515,27,PEDIDO,23.07,21.48,29.31,ENABLED
516,5,INVALIDA,45.42,94.6,56.34,ENABLED
517,43,CANCELADA,41.34,68.5,30.96,ENABLED
518,75,PARTE-APROBADO,87.15,96.03,81.71,DELETED
519,55,PERDIDA,93.15,13.3,78.57,ENABLED
520,48,REEMBOLSADA,41.04,16.86,9.4,ENABLED
521,57,PERDIDA,92.92,31.59,1.49,ENABLED
522,66,PERDIDA,29.32,99.46,26.04,DELETED
523,65,GANADA,29.02,90.49,63.49,ENABLED
524,17,CANCELADA,40.74,63.36,63.23,DELETED
525,97,REEMBOLSADA,67.98,18.94,8.28,ENABLED
526,25,ABIERTA,2.75,93.84,62.3,DELETED
527,56,PERDIDA,40.52,65.95,80.94,ENABLED
528,3,PARTE-APROBADO,57.74,98.85,17.69,DELETED
529,66,PERDIDA,80.3,34.92,65.96,ENABLED
530,52,ABIERTA,3.79,36.01,79.66,DELETED
531,33,INVALIDA,13.64,69.77,25.21,DELETED
532,58,INVALIDA,98.85,40.18,99.25,DELETED
533,41,CANCELADA,54.55,88.03,99.83,DELETED
534,50,PEDIDO,46.36,73.98,39.83,DELETED
535,91,PEDIDO,40.79,13.89,92.94,ENABLED
536,65,ABIERTA,44.16,99.8,97.89,ENABLED
537,26,ABIERTA,2.1,6.18,14.48,DELETED
538,63,VENDIDA,79.82,34.78,7.63,ENABLED
539,83,VENDIDA,20.57,86.52,1.08,ENABLED
540,3,CANCELADA,84.73,3.94,87.35,DELETED
541,87,INVALIDA,20.98,9.75,21.23,DELETED
542,12,GANADA,67.92,96.46,77.98,DELETED
543,15,GANADA,17.32,46.46,45.74,ENABLED
544,32,PEDIDO,54.23,52.8,66.81,ENABLED
545,28,INVALIDA,95.43,54.81,79.09,DELETED
546,18,PARTE-APROBADO,89.91,84.76,92.53,ENABLED
547,67,PARTE-APROBADO,72.31,53.31,69.1,DELETED
548,92,PERDIDA,66.0,90.16,66.77,ENABLED
549,84,REEMBOLSADA,35.33,46.51,8.29,DELETED
550,49,PARTE-APROBADO,83.73,46.9,90.98,DELETED
551,21,GANADA,52.27,87.47,88.01,DELETED
552,19,CANCELADA,92.46,84.03,78.31,ENABLED
553,56,CANCELADA,64.68,46.39,26.34,DELETED
554,75,PEDIDO,28.3,47.03,5.39,ENABLED
555,45,INVALIDA,43.19,87.09,93.2,ENABLED
556,39,PERDIDA,20.66,43.94,37.49,DELETED
557,41,ABIERTA,39.84,60.95,55.8,DELETED
558,66,CANCELADA,21.44,2.31,99.31,ENABLED
559,93,PEDIDO,75.08,69.35,96.01,DELETED
560,72,GANADA,36.17,79.67,38.3,DELETED
561,9,INVALIDA,35.67,47.79,91.61,ENABLED
562,31,CANCELADA,63.87,49.51,67.05,ENABLED
563,47,ABIERTA,50.8,42.75,4.11,DELETED
564,36,CANCELADA,67.79,29.47,14.19,ENABLED
565,84,REEMBOLSADA,99.73,17.13,91.72,ENABLED
566,72,PEDIDO,15.11,98.64,97.07,ENABLED
567,14,INVALIDA,71.65,16.33,4.99,ENABLED
568,74,PEDIDO,74.33,14.62,34.72,DELETED
569,30,INVALIDA,41.84,93.51,1.58,DELETED
570,68,PEDIDO,43.64,68.79,99.95,DELETED
571,8,PEDIDO,94.03,87.54,31.9,DELETED
572,20,RECHAZADO,82.45,86.01,12.83,ENABLED
573,54,PERDIDA,70.33,92.47,2.63,ENABLED
574,13,PEDIDO,37.28,44.67,48.19,ENABLED
575,98,CANCELADA,34.06,78.55,10.52,DELETED
576,1,CANCELADA,21.07,68.52,56.99,ENABLED
577,22,REEMBOLSADA,88.57,98.96,90.47,DELETED
578,100,REEMBOLSADA,76.28,65.16,23.61,ENABLED
579,19,PERDIDA,43.87,46.77,20.3,ENABLED
580,29,REEMBOLSADA,32.41,47.57,52.8,ENABLED
581,1,ABIERTA,50.39,50.54,36.84,ENABLED
582,61,PERDIDA,53.09,54.86,3.28,ENABLED
583,60,GANADA,78.15,2.5,51.01,DELETED
584,22,PEDIDO,56.24,50.42,57.98,DELETED
585,14,INVALIDA,6.29,15.6,10.5,ENABLED
586,57,GANADA,39.41,96.33,15.98,ENABLED
587,31,PEDIDO,56.67,54.51,31.72,DELETED
588,58,PEDIDO,71.88,57.14,65.63,ENABLED
589,77,VENDIDA,44.58,42.1,37.84,DELETED
590,55,PERDIDA,79.59,21.25,36.13,DELETED
591,42,VENDIDA,47.07,54.33,83.49,DELETED
592,37,PARTE-APROBADO,49.1,34.69,96.1,ENABLED
593,3,INVALIDA,70.87,24.43,81.63,DELETED
594,71,PEDIDO,76.86,24.14,14.41,ENABLED
595,19,ABIERTA,15.56,97.08,16.55,DELETED
596,44,ABIERTA,98.41,9.25,66.34,DELETED
597,40,INVALIDA,31.24,9.4,56.76,ENABLED
598,49,PEDIDO,42.26,13.0,8.33,DELETED
599,18,ABIERTA,87.37,76.42,7.46,ENABLED
600,54,INVALIDA,23.08,27.7,96.14,ENABLED
601,42,PEDIDO,57.11,40.13,92.12,ENABLED
602,68,REEMBOLSADA,57.21,38.62,84.29,ENABLED
603,27,ABIERTA,35.45,52.23,80.52,ENABLED
604,3,REEMBOLSADA,60.92,65.68,57.01,ENABLED
605,79,PARTE-APROBADO,62.1,68.04,25.32,ENABLED
606,39,PERDIDA,31.2,10.95,59.59,ENABLED
607,12,REEMBOLSADA,33.0,22.24,52.15,DELETED
608,32,RECHAZADO,26.97,85.72,9.04,ENABLED
609,16,PARTE-APROBADO,4.78,24.8,53.18,DELETED
610,78,PEDIDO,89.88,73.73,41.24,DELETED
611,55,PARTE-APROBADO,17.1,93.86,42.18,ENABLED
612,37,RECHAZADO,35.21,79.41,26.5,DELETED
613,98,PEDIDO,36.39,76.76,24.74,DELETED
614,96,REEMBOLSADA,44.27,27.75,69.83,DELETED
615,31,CANCELADA,51.81,46.57,88.75,DELETED
616,35,ABIERTA,41.89,49.88,39.95,DELETED
617,41,INVALIDA,82.83,13.19,36.1,ENABLED
618,92,INVALIDA,94.45,96.17,97.12,ENABLED
619,49,ABIERTA,88.88,77.28,83.58,ENABLED
620,100,INVALIDA,44.89,9.25,24.22,ENABLED
621,54,PARTE-APROBADO,22.97,88.08,8.35,DELETED
622,17,PERDIDA,74.54,61.22,63.45,DELETED
623,97,PERDIDA,78.23,48.29,25.65,DELETED
624,100,REEMBOLSADA,95.44,87.16,38.45,DELETED
625,5,REEMBOLSADA,25.19,87.62,5.14,ENABLED
626,13,REEMBOLSADA,66.71,13.88,63.67,ENABLED
627,23,ABIERTA,93.8,93.03,42.15,DELETED
628,32,RECHAZADO,81.03,40.57,65.88,ENABLED
629,34,REEMBOLSADA,62.86,57.0,70.04,ENABLED
630,60,REEMBOLSADA,81.82,5.0,48.33,ENABLED
631,66,INVALIDA,51.9,5.0,70.18,ENABLED
632,47,PEDIDO,59.89,80.69,14.24,DELETED
633,95,RECHAZADO,80.24,35.7,24.32,ENABLED
634,99,PERDIDA,82.89,33.36,76.53,ENABLED
635,22,REEMBOLSADA,31.03,84.9,69.96,DELETED
636,33,REEMBOLSADA,6.84,14.4,46.85,DELETED
637,44,GANADA,20.96,10.96,95.42,DELETED
638,14,GANADA,59.6,77.28,21.34,ENABLED
639,53,REEMBOLSADA,15.04,60.45,56.11,ENABLED
640,97,CANCELADA,16.14,8.2,76.98,DELETED
641,16,REEMBOLSADA,64.44,77.75,88.45,ENABLED
642,10,VENDIDA,90.8,61.61,19.19,DELETED
643,97,ABIERTA,33.25,76.91,11.39,DELETED
644,33,REEMBOLSADA,9.66,93.47,72.76,DELETED
645,71,REEMBOLSADA,17.86,39.73,65.45,DELETED
646,26,REEMBOLSADA,43.21,34.8,85.59,DELETED
647,42,PEDIDO,6.01,3.66,34.29,ENABLED
648,93,CANCELADA,79.47,3.11,12.82,DELETED
649,52,PARTE-APROBADO,11.81,60.42,85.45,ENABLED
650,43,PEDIDO,58.38,12.01,52.12,DELETED
651,42,CANCELADA,75.12,78.48,77.15,DELETED
652,97,ABIERTA,26.15,31.17,4.97,ENABLED
653,24,CANCELADA,23.91,22.12,22.23,ENABLED
654,46,CANCELADA,8.18,35.68,60.74,ENABLED
655,41,CANCELADA,86.47,74.91,28.5,ENABLED
656,28,VENDIDA,4.77,43.18,58.31,DELETED
657,98,REEMBOLSADA,5.98,89.5,57.3,DELETED
658,16,ABIERTA,90.66,39.28,15.48,ENABLED
659,99,VENDIDA,84.74,73.22,73.94,ENABLED
660,59,INVALIDA,44.88,54.03,19.52,DELETED
661,91,VENDIDA,24.42,76.77,38.99,ENABLED
662,45,VENDIDA,55.04,7.35,47.78,DELETED
663,28,PERDIDA,13.24,39.69,36.27,DELETED
664,67,GANADA,15.19,49.43,99.98,DELETED
665,97,PARTE-APROBADO,31.02,47.53,57.37,DELETED
666,89,PERDIDA,54.7,15.29,91.42,DELETED
667,48,CANCELADA,82.66,59.71,43.59,DELETED
668,90,INVALIDA,62.51,57.88,66.05,ENABLED
669,24,GANADA,83.51,7.38,72.21,ENABLED
670,13,CANCELADA,3.09,35.95,65.03,ENABLED
671,24,ABIERTA,65.51,63.68,77.36,ENABLED
672,39,PERDIDA,93.55,57.68,48.84,DELETED
673,88,REEMBOLSADA,14.39,21.11,19.07,DELETED
674,52,CANCELADA,98.17,14.14,40.19,ENABLED
675,70,PARTE-APROBADO,41.31,52.09,30.97,ENABLED
676,21,INVALIDA,9.31,36.75,42.42,DELETED
677,30,GANADA,51.19,8.34,29.81,ENABLED
678,24,PEDIDO,85.37,76.79,72.83,ENABLED
679,59,PERDIDA,30.78,1.86,52.93,ENABLED
680,92,REEMBOLSADA,19.91,10.12,92.71,DELETED
681,77,PERDIDA,21.35,15.13,55.97,ENABLED
682,14,PERDIDA,75.17,23.57,28.29,ENABLED
683,83,CANCELADA,29.72,77.71,1.34,DELETED
684,36,INVALIDA,60.65,91.59,38.95,ENABLED
685,72,GANADA,53.31,52.25,63.65,DELETED
686,39,RECHAZADO,48.24,62.8,51.08,ENABLED
687,83,VENDIDA,27.65,51.08,5.56,DELETED
688,72,GANADA,77.84,71.66,82.85,ENABLED
689,87,ABIERTA,8.88,23.72,67.88,ENABLED
690,32,RECHAZADO,70.35,15.47,92.85,DELETED
691,67,RECHAZADO,33.77,10.46,22.85,ENABLED
692,92,VENDIDA,65.62,4.23,83.04,DELETED
693,74,PERDIDA,94.1,64.97,85.74,ENABLED
694,40,INVALIDA,76.37,67.53,58.65,DELETED
695,20,VENDIDA,17.57,7.66,90.97,ENABLED
696,61,VENDIDA,39.92,41.37,95.39,DELETED
697,12,PARTE-APROBADO,7.85,37.18,25.63,DELETED
698,36,RECHAZADO,17.19,71.02,1.05,ENABLED
699,9,PARTE-APROBADO,78.79,60.64,18.02,DELETED
700,57,PEDIDO,77.72,9.42,39.91,DELETED
701,91,GANADA,23.37,3.15,52.15,ENABLED
702,4,GANADA,74.93,77.44,28.17,ENABLED
703,27,REEMBOLSADA,55.82,51.54,3.25,DELETED
704,66,GANADA,49.7,8.72,92.53,ENABLED
705,77,INVALIDA,18.6,65.07,47.78,DELETED
706,13,PERDIDA,14.29,6.8,31.45,DELETED
707,43,PARTE-APROBADO,78.83,34.87,99.65,ENABLED
708,50,CANCELADA,84.23,19.63,44.99,DELETED
709,81,CANCELADA,93.86,96.49,46.56,DELETED
710,83,PARTE-APROBADO,22.34,46.96,30.93,ENABLED
711,88,GANADA,45.72,91.82,12.32,DELETED
712,83,VENDIDA,73.47,86.87,92.16,ENABLED
713,25,CANCELADA,5.25,91.95,88.33,DELETED
714,92,PARTE-APROBADO,16.68,80.67,72.46,DELETED
715,24,RECHAZADO,44.98,5.77,79.25,ENABLED
716,77,ABIERTA,22.86,51.24,34.24,DELETED
717,68,PEDIDO,99.52,48.6,98.49,DELETED
718,68,PERDIDA,85.68,22.72,35.47,DELETED
719,29,GANADA,16.93,35.89,56.47,ENABLED
720,37,CANCELADA,29.51,9.49,96.61,DELETED
721,84,PERDIDA,49.02,64.9,81.74,DELETED
722,92,ABIERTA,39.74,16.63,20.0,DELETED
723,19,REEMBOLSADA,83.52,65.7,9.42,ENABLED
724,14,GANADA,53.07,4.62,59.69,DELETED
725,41,REEMBOLSADA,55.68,1.78,12.98,DELETED
726,54,INVALIDA,96.82,25.46,21.76,ENABLED
727,49,PARTE-APROBADO,97.36,13.53,23.14,DELETED
728,7,INVALIDA,46.13,12.5,72.87,DELETED
729,30,INVALIDA,92.6,72.78,71.48,ENABLED
730,56,PEDIDO,98.6,67.93,1.82,DELETED
731,23,RECHAZADO,28.08,27.53,37.22,ENABLED
732,57,REEMBOLSADA,11.24,54.49,37.64,DELETED
733,1,CANCELADA,10.53,48.94,92.68,DELETED
734,42,REEMBOLSADA,52.65,38.16,15.7,ENABLED
735,27,REEMBOLSADA,93.66,64.09,29.22,DELETED
736,91,PARTE-APROBADO,87.78,17.85,72.61,ENABLED
737,82,INVALIDA,12.33,9.31,41.59,ENABLED
738,98,PEDIDO,94.75,96.29,34.11,ENABLED
739,71,PARTE-APROBADO,20.69,82.11,72.88,ENABLED
740,21,ABIERTA,15.11,5.28,95.91,ENABLED
741,72,REEMBOLSADA,82.3,51.79,33.89,DELETED
742,12,GANADA,4.01,35.69,91.33,DELETED
743,75,ABIERTA,87.74,50.57,73.08,DELETED
744,74,PEDIDO,17.75,12.01,85.58,ENABLED
745,17,GANADA,35.38,93.26,3.55,DELETED
746,21,PERDIDA,63.53,24.54,32.41,ENABLED
747,74,CANCELADA,82.03,88.06,9.63,DELETED
748,86,INVALIDA,64.66,88.23,32.61,ENABLED
749,54,PERDIDA,72.55,76.48,19.41,DELETED
750,93,RECHAZADO,31.0,49.22,78.09,ENABLED
751,48,PERDIDA,28.4,77.63,90.4,ENABLED
752,18,GANADA,29.21,55.79,15.18,ENABLED
753,34,PARTE-APROBADO,91.28,23.2,78.64,DELETED
754,74,RECHAZADO,78.72,93.97,94.08,ENABLED
755,76,CANCELADA,21.09,46.29,18.04,DELETED
756,4,GANADA,49.58,22.78,45.66,ENABLED
757,83,PEDIDO,82.56,1.55,79.48,ENABLED
758,76,ABIERTA,72.2,81.78,49.83,DELETED
759,41,VENDIDA,49.99,58.07,78.82,DELETED
760,68,PARTE-APROBADO,38.16,1.15,11.87,ENABLED
761,88,PEDIDO,96.89,7.85,6.75,DELETED
762,72,INVALIDA,1.99,21.47,44.37,ENABLED
763,88,PERDIDA,63.24,53.97,86.97,DELETED
764,42,ABIERTA,75.52,34.99,2.28,ENABLED
765,73,RECHAZADO,65.83,20.15,48.7,DELETED
766,79,PEDIDO,94.08,1.05,88.03,ENABLED
767,11,RECHAZADO,25.63,17.88,94.48,DELETED
768,73,GANADA,49.43,55.83,83.93,ENABLED
769,100,PARTE-APROBADO,60.36,36.79,96.35,DELETED
770,51,PERDIDA,86.65,55.74,65.46,DELETED
771,65,PARTE-APROBADO,1.02,1.77,89.4,ENABLED
772,88,PERDIDA,30.98,2.46,8.77,DELETED
773,42,INVALIDA,9.69,44.3,71.21,DELETED
774,54,ABIERTA,73.86,69.64,51.4,ENABLED
775,46,VENDIDA,71.62,45.77,35.81,DELETED
776,74,VENDIDA,50.18,31.28,75.29,ENABLED
777,18,GANADA,98.83,21.56,59.28,ENABLED
778,40,PARTE-APROBADO,79.99,51.85,35.15,DELETED
779,21,RECHAZADO,1.23,63.91,70.86,DELETED
780,96,PEDIDO,91.45,92.84,57.23,DELETED
781,38,VENDIDA,91.14,45.62,49.82,DELETED
782,17,PEDIDO,47.02,68.45,21.01,DELETED
783,92,ABIERTA,31.07,31.26,62.36,ENABLED
784,30,CANCELADA,71.97,77.8,42.86,ENABLED
785,2,RECHAZADO,90.88,21.86,1.15,ENABLED
786,18,PEDIDO,75.31,25.01,54.78,ENABLED
787,67,PEDIDO,81.36,66.7,97.19,ENABLED
788,54,GANADA,26.5,21.34,33.01,ENABLED
789,50,INVALIDA,84.68,91.92,54.51,DELETED
790,20,GANADA,1.82,94.66,76.49,DELETED
791,92,PARTE-APROBADO,43.72,60.0,94.83,ENABLED
792,14,INVALIDA,75.57,77.97,36.26,ENABLED
793,37,PEDIDO,99.79,63.96,86.66,DELETED
794,20,ABIERTA,63.18,27.31,32.13,DELETED
795,48,PARTE-APROBADO,76.22,35.78,78.04,DELETED
796,65,RECHAZADO,41.99,97.03,99.66,DELETED
797,60,ABIERTA,35.85,67.89,77.0,DELETED
798,5,PARTE-APROBADO,32.57,7.03,6.27,ENABLED
799,35,PEDIDO,20.48,17.87,76.33,ENABLED
800,50,PARTE-APROBADO,28.34,33.82,56.37,DELETED
801,38,PERDIDA,70.05,34.78,2.68,ENABLED
802,90,ABIERTA,46.8,22.25,28.72,ENABLED
803,75,PARTE-APROBADO,70.96,70.73,32.76,ENABLED
804,22,ABIERTA,43.28,73.0,88.64,DELETED
805,19,PARTE-APROBADO,92.49,23.28,83.92,ENABLED
806,42,VENDIDA,79.64,41.35,77.0,ENABLED
807,83,GANADA,46.15,28.72,36.78,DELETED
808,28,PARTE-APROBADO,18.73,38.36,16.08,ENABLED
809,55,ABIERTA,95.93,68.67,52.33,ENABLED
810,68,PARTE-APROBADO,95.93,91.46,84.38,ENABLED
811,12,PEDIDO,57.44,21.8,23.76,ENABLED
812,88,PARTE-APROBADO,22.19,75.1,3.59,ENABLED
813,41,PEDIDO,16.61,13.99,84.38,DELETED
814,46,RECHAZADO,71.19,60.08,30.19,ENABLED
815,78,REEMBOLSADA,16.07,19.18,93.04,ENABLED
816,12,CANCELADA,82.24,98.55,69.76,DELETED
817,4,GANADA,42.64,99.98,92.6,DELETED
818,16,REEMBOLSADA,41.3,95.69,26.83,DELETED
819,51,INVALIDA,15.7,17.11,52.87,ENABLED
820,26,INVALIDA,29.38,78.71,56.44,ENABLED
821,5,VENDIDA,36.97,81.48,55.3,DELETED
822,92,PERDIDA,4.02,31.46,42.55,DELETED
823,83,PERDIDA,50.7,55.68,13.87,DELETED
824,76,REEMBOLSADA,49.69,92.15,79.36,ENABLED
825,55,VENDIDA,4.01,11.36,96.53,ENABLED
826,95,GANADA,28.4,33.64,91.6,ENABLED
827,51,VENDIDA,32.19,63.72,30.87,DELETED
828,9,INVALIDA,35.0,89.66,99.99,DELETED
829,81,INVALIDA,59.1,50.59,71.3,ENABLED
830,68,CANCELADA,96.78,8.55,84.72,ENABLED
831,86,PERDIDA,68.21,55.02,42.63,DELETED
832,54,INVALIDA,98.65,12.39,81.47,ENABLED
833,21,VENDIDA,57.96,92.93,71.51,DELETED
834,73,VENDIDA,43.77,3.31,91.64,ENABLED
835,21,PEDIDO,2.2,94.57,98.39,DELETED
836,15,INVALIDA,48.54,64.41,47.59,DELETED
837,15,ABIERTA,82.57,33.18,36.37,DELETED
838,73,REEMBOLSADA,80.22,41.88,44.16,DELETED
839,4,ABIERTA,61.34,42.39,69.39,ENABLED
840,15,PARTE-APROBADO,8.56,74.22,45.44,ENABLED
841,58,PEDIDO,77.73,14.48,68.46,ENABLED
842,91,GANADA,38.96,74.44,55.06,DELETED
843,34,ABIERTA,93.88,72.12,66.83,ENABLED
844,21,REEMBOLSADA,43.05,50.51,5.93,DELETED
845,7,REEMBOLSADA,99.07,65.56,61.91,DELETED
846,2,PERDIDA,40.98,17.44,50.8,ENABLED
847,45,PARTE-APROBADO,31.31,69.27,95.45,ENABLED
848,70,PERDIDA,70.67,2.85,1.55,ENABLED
849,66,INVALIDA,83.47,10.01,17.28,ENABLED
850,67,VENDIDA,59.72,78.02,97.63,DELETED
851,67,GANADA,86.64,34.08,54.85,DELETED
852,39,GANADA,67.79,18.71,73.04,DELETED
853,97,ABIERTA,87.17,54.67,88.22,DELETED
854,55,ABIERTA,25.46,46.69,51.73,ENABLED
855,24,INVALIDA,24.02,50.89,15.97,ENABLED
856,92,PEDIDO,70.21,79.04,85.63,DELETED
857,46,INVALIDA,54.96,98.2,50.37,ENABLED
858,81,PARTE-APROBADO,77.14,17.62,66.09,DELETED
859,1,PEDIDO,76.25,96.86,83.65,DELETED
860,64,INVALIDA,12.25,65.86,1.97,DELETED
861,54,PEDIDO,36.75,92.84,61.39,ENABLED
862,61,RECHAZADO,3.75,30.6,18.45,DELETED
863,12,GANADA,58.51,36.09,61.92,DELETED
864,11,INVALIDA,32.51,72.74,85.61,ENABLED
865,11,CANCELADA,23.65,71.64,16.0,DELETED
866,76,ABIERTA,16.4,80.59,39.79,DELETED
867,59,CANCELADA,88.35,5.11,50.2,DELETED
868,35,ABIERTA,10.34,83.29,56.4,DELETED
869,80,RECHAZADO,70.23,21.64,20.31,DELETED
870,68,VENDIDA,83.53,4.25,28.86,ENABLED
871,46,ABIERTA,43.19,74.82,21.95,DELETED
872,62,ABIERTA,16.07,65.94,47.9,ENABLED
873,25,PERDIDA,64.08,67.89,32.14,DELETED
874,43,REEMBOLSADA,94.47,69.47,96.32,DELETED
875,86,PERDIDA,83.64,68.86,82.5,DELETED
876,49,RECHAZADO,8.69,66.23,50.4,ENABLED
877,25,RECHAZADO,34.95,85.31,46.26,ENABLED
878,89,REEMBOLSADA,48.59,1.05,90.12,ENABLED
879,94,RECHAZADO,11.91,39.93,39.24,DELETED
880,9,VENDIDA,3.65,88.41,41.77,DELETED
881,51,PEDIDO,64.97,24.72,84.37,DELETED
882,43,INVALIDA,90.64,20.16,53.28,DELETED
883,3,PEDIDO,38.38,1.02,20.9,DELETED
884,92,ABIERTA,59.5,60.46,91.39,DELETED
885,76,INVALIDA,46.2,69.73,4.5,DELETED
886,54,GANADA,10.6,35.21,43.7,DELETED
887,27,GANADA,55.64,61.17,34.01,DELETED
888,77,CANCELADA,44.79,97.89,60.35,DELETED
889,33,PERDIDA,15.12,90.52,5.62,ENABLED
890,57,INVALIDA,25.64,39.11,75.51,DELETED
891,24,PEDIDO,20.66,91.02,98.83,DELETED
892,15,RECHAZADO,54.55,89.97,63.21,ENABLED
893,18,VENDIDA,1.18,61.22,39.3,ENABLED
894,17,INVALIDA,24.46,20.42,23.13,DELETED
895,62,PARTE-APROBADO,33.87,20.51,75.61,DELETED
896,20,CANCELADA,97.1,63.22,91.88,DELETED
897,96,CANCELADA,31.32,41.39,40.92,DELETED
898,27,CANCELADA,51.9,51.75,14.0,DELETED
899,38,INVALIDA,24.72,53.32,36.29,ENABLED
900,40,GANADA,60.48,57.86,34.01,DELETED
901,20,PEDIDO,12.92,2.98,29.85,DELETED
902,26,INVALIDA,20.48,12.81,55.88,DELETED
903,45,ABIERTA,65.53,3.8,49.78,DELETED
904,84,GANADA,8.35,42.33,49.63,ENABLED
905,8,PARTE-APROBADO,52.0,91.82,76.98,DELETED
906,32,CANCELADA,76.71,19.63,54.49,ENABLED
907,7,RECHAZADO,94.0,9.0,28.12,DELETED
908,20,ABIERTA,15.47,21.48,73.0,ENABLED
909,46,PEDIDO,94.49,22.44,63.65,DELETED
910,76,PEDIDO,96.76,70.25,13.87,DELETED
911,14,VENDIDA,78.42,3.21,12.12,ENABLED
912,73,PARTE-APROBADO,37.2,19.36,70.25,DELETED
913,68,INVALIDA,2.57,14.7,39.76,DELETED
914,47,INVALIDA,81.34,58.54,10.99,DELETED
915,89,REEMBOLSADA,96.77,61.26,81.31,ENABLED
916,20,PERDIDA,44.95,77.63,47.35,ENABLED
917,96,RECHAZADO,14.87,62.73,24.57,ENABLED
918,60,PERDIDA,76.16,13.07,64.69,DELETED
919,94,PERDIDA,52.54,19.15,88.53,DELETED
920,46,CANCELADA,40.74,62.26,20.33,ENABLED
921,73,GANADA,17.88,40.92,60.53,ENABLED
922,96,PERDIDA,59.71,12.18,18.44,DELETED
923,19,ABIERTA,31.87,46.39,7.97,ENABLED
924,71,PARTE-APROBADO,71.06,69.43,23.23,DELETED
925,57,REEMBOLSADA,95.69,2.44,8.17,DELETED
926,11,GANADA,13.13,80.68,88.41,DELETED
927,85,VENDIDA,53.71,47.22,26.75,ENABLED
928,84,ABIERTA,34.1,96.11,53.39,ENABLED
929,2,VENDIDA,47.69,35.75,13.06,DELETED
930,10,INVALIDA,61.8,44.27,22.91,DELETED
931,85,REEMBOLSADA,8.59,69.17,46.63,ENABLED
932,24,RECHAZADO,58.97,69.0,39.4,ENABLED
933,97,PARTE-APROBADO,58.57,59.74,62.68,DELETED
934,31,INVALIDA,31.89,85.73,37.18,DELETED
935,91,VENDIDA,40.96,63.72,43.67,DELETED
936,49,PERDIDA,3.69,46.97,6.19,DELETED
937,35,REEMBOLSADA,1.08,79.4,48.77,ENABLED
938,24,GANADA,83.61,51.16,54.45,DELETED
939,69,ABIERTA,58.07,73.0,93.72,DELETED
940,79,REEMBOLSADA,44.14,38.15,18.07,ENABLED
941,54,GANADA,41.05,87.92,97.34,DELETED
942,72,REEMBOLSADA,26.0,36.57,97.93,ENABLED
943,74,ABIERTA,89.85,58.85,56.4,DELETED
944,73,RECHAZADO,59.35,89.8,17.52,ENABLED
945,74,PERDIDA,82.66,39.16,11.02,ENABLED
946,64,ABIERTA,81.44,27.62,94.22,ENABLED
947,2,RECHAZADO,25.62,22.61,10.74,ENABLED
948,49,PARTE-APROBADO,54.45,96.55,49.66,DELETED
949,16,INVALIDA,27.65,32.46,51.77,DELETED
950,91,RECHAZADO,74.98,63.5,83.89,ENABLED
951,14,PARTE-APROBADO,54.84,8.42,82.47,DELETED
952,8,ABIERTA,23.19,25.7,26.04,ENABLED
953,89,PERDIDA,99.71,5.45,72.54,DELETED
954,85,CANCELADA,67.62,30.16,44.32,DELETED
955,72,REEMBOLSADA,53.06,85.96,52.03,ENABLED
956,73,ABIERTA,76.79,63.72,9.69,ENABLED
957,58,REEMBOLSADA,5.42,65.9,1.47,ENABLED
958,100,CANCELADA,9.59,42.52,14.47,DELETED
959,22,RECHAZADO,11.38,30.54,84.77,ENABLED
960,12,PEDIDO,4.05,2.9,95.58,DELETED
961,2,ABIERTA,95.5,15.51,96.93,DELETED
962,58,PEDIDO,89.32,43.78,3.7,DELETED
963,76,ABIERTA,88.84,36.89,1.4,DELETED
964,71,PARTE-APROBADO,46.34,20.35,11.12,ENABLED
965,44,PARTE-APROBADO,71.93,80.19,60.81,DELETED
966,26,PEDIDO,79.73,17.82,34.02,DELETED
967,66,REEMBOLSADA,86.25,42.51,81.33,ENABLED
968,32,GANADA,75.77,27.54,62.07,DELETED
969,44,CANCELADA,43.37,19.75,89.27,DELETED
970,83,PARTE-APROBADO,91.54,20.05,87.85,ENABLED
971,40,PERDIDA,99.63,53.86,13.04,ENABLED
972,53,PEDIDO,87.76,10.37,80.27,ENABLED
973,74,CANCELADA,15.83,85.36,78.73,ENABLED
974,60,CANCELADA,82.86,39.78,76.76,DELETED
975,87,REEMBOLSADA,67.03,19.48,1.56,DELETED
976,87,GANADA,57.62,38.03,84.12,DELETED
977,26,PERDIDA,20.16,46.47,5.18,ENABLED
978,86,CANCELADA,83.79,6.81,49.63,ENABLED
979,48,CANCELADA,85.18,5.68,18.04,ENABLED
980,94,INVALIDA,63.23,57.91,27.54,ENABLED
981,11,CANCELADA,96.16,64.49,78.43,ENABLED
982,9,PARTE-APROBADO,14.39,40.84,30.98,DELETED
983,17,PERDIDA,53.76,90.26,44.6,ENABLED
984,12,PERDIDA,62.46,48.26,22.28,ENABLED
985,30,VENDIDA,80.49,19.97,85.17,DELETED
986,80,CANCELADA,4.59,22.18,33.69,ENABLED
987,44,GANADA,49.39,85.49,47.16,DELETED
988,1,PARTE-APROBADO,26.51,51.29,60.67,DELETED
989,43,REEMBOLSADA,27.42,25.72,54.21,ENABLED
990,13,ABIERTA,85.01,18.76,31.27,DELETED
991,53,PEDIDO,63.38,66.59,78.56,ENABLED
992,36,RECHAZADO,85.23,22.66,91.9,DELETED
993,81,INVALIDA,77.05,97.09,4.47,DELETED
994,81,VENDIDA,1.93,2.31,44.26,DELETED
995,83,VENDIDA,69.76,94.58,87.79,ENABLED
996,76,REEMBOLSADA,45.43,69.89,99.43,DELETED
997,70,PERDIDA,35.46,19.09,5.53,DELETED
998,51,VENDIDA,35.8,80.48,54.75,DELETED
999,10,RECHAZADO,32.03,88.17,17.51,DELETED
1000,77,CANCELADA,45.07,80.68,62.62,ENABLED
